-- Adminer 4.8.1 MySQL 5.7.33 dump

SET NAMES utf8;
SET time_zone = '+00:00';
SET foreign_key_checks = 0;
SET sql_mode = 'NO_AUTO_VALUE_ON_ZERO';

SET NAMES utf8mb4;

DROP TABLE IF EXISTS `accounts`;
CREATE TABLE `accounts` (
  `id` bigint(20) unsigned NOT NULL AUTO_INCREMENT,
  `username` varchar(255) COLLATE utf8mb4_unicode_ci NOT NULL,
  `password` varchar(255) COLLATE utf8mb4_unicode_ci NOT NULL,
  `provider_id` bigint(20) unsigned NOT NULL,
  `active` tinyint(4) NOT NULL DEFAULT '0',
  `role` enum('admin','driver') COLLATE utf8mb4_unicode_ci NOT NULL DEFAULT 'admin',
  `email` varchar(255) COLLATE utf8mb4_unicode_ci DEFAULT NULL,
  `phone` varchar(255) COLLATE utf8mb4_unicode_ci DEFAULT NULL,
  `remember_token` varchar(100) COLLATE utf8mb4_unicode_ci DEFAULT NULL,
  `created_at` timestamp NULL DEFAULT NULL,
  `updated_at` timestamp NULL DEFAULT NULL,
  PRIMARY KEY (`id`),
  KEY `provider_id` (`provider_id`),
  CONSTRAINT `accounts_ibfk_1` FOREIGN KEY (`provider_id`) REFERENCES `providers` (`id`) ON DELETE CASCADE ON UPDATE CASCADE
) ENGINE=InnoDB DEFAULT CHARSET=utf8mb4 COLLATE=utf8mb4_unicode_ci;

INSERT INTO `accounts` (`id`, `username`, `password`, `provider_id`, `active`, `role`, `email`, `phone`, `remember_token`, `created_at`, `updated_at`) VALUES
(2,	'test-username',	'$2y$10$W1kwL2K3rFeiKc1mZL6KM.ZvA.NDS/.jAsER.EIVsyV/jK6fXFL8O',	17,	1,	'admin',	'',	NULL,	NULL,	'2022-03-22 07:04:29',	'2022-03-23 00:34:21'),
(3,	'test-user2',	'$2y$10$3ONhMo.ZEVovSGwmA0.93e3rbTU/sQdVx9HCZNlNKgxIEn9XEqg8C',	17,	1,	'driver',	NULL,	'0552983776',	NULL,	'2022-03-23 00:36:28',	'2022-03-23 19:16:11'),
(4,	'provider',	'$2y$10$3ONhMo.ZEVovSGwmA0.93e3rbTU/sQdVx9HCZNlNKgxIEn9XEqg8C',	1,	1,	'admin',	'',	NULL,	'CTDYpJyCejyqyXH8XY1h7e9WPmu6g1G3bbe1vaJl0PKyQsjlbe5EyE81rxmS',	'2022-03-23 01:08:09',	'2022-03-23 01:08:09'),
(5,	'acoad-admin',	'$2y$10$3ONhMo.ZEVovSGwmA0.93e3rbTU/sQdVx9HCZNlNKgxIEn9XEqg8C',	18,	1,	'admin',	'acoad@email.com',	'0552639220',	'zCF0d8HmYymmw3QOEoCpUQncFb8njqS1MPMoqHDE86gDcTmlNEvANoDhSvuH',	'2022-03-23 04:54:17',	'2022-03-23 20:05:19'),
(6,	'acoad-driver',	'$2y$10$3ONhMo.ZEVovSGwmA0.93e3rbTU/sQdVx9HCZNlNKgxIEn9XEqg8C',	18,	1,	'driver',	NULL,	NULL,	NULL,	'2022-03-23 20:43:47',	'2022-03-23 20:43:47'),
(7,	'provider-driver',	'$2y$10$/ubcVMzzTEcYCNIaFp1YcenfZIMtw9BJYcPQkvQnxdMLxH9itRXqm',	1,	1,	'driver',	NULL,	NULL,	'qHZZHR5lGXw4lq3xUWKVnXDXfQ5AGAkLPamr9sdsRHygM8wYPh4wKz4ZGkSx',	'2022-04-04 07:12:24',	'2022-04-04 07:12:24'),
(8,	'test-admin',	'123456789',	3,	1,	'admin',	NULL,	NULL,	NULL,	'2022-04-11 00:14:19',	'2022-04-11 00:14:19');

DROP TABLE IF EXISTS `additionals`;
CREATE TABLE `additionals` (
  `id` bigint(20) unsigned NOT NULL AUTO_INCREMENT,
  `name` json NOT NULL,
  `icon` varchar(255) COLLATE utf8mb4_unicode_ci NOT NULL,
  `created_at` timestamp NULL DEFAULT NULL,
  `updated_at` timestamp NULL DEFAULT NULL,
  PRIMARY KEY (`id`)
) ENGINE=InnoDB DEFAULT CHARSET=utf8mb4 COLLATE=utf8mb4_unicode_ci;

INSERT INTO `additionals` (`id`, `name`, `icon`, `created_at`, `updated_at`) VALUES
(1,	'{\"ar\": \"فندق\", \"en\": \"Hotel\"}',	'<i class=\"fas fa-hotel\"></i>',	'2022-04-25 19:40:42',	'2022-04-25 19:41:09'),
(2,	'{\"ar\": \"وجبة\", \"en\": \"Meal\"}',	'<i class=\"fas fa-burger-soda\"></i>',	'2022-04-25 19:42:06',	'2022-04-25 19:46:58'),
(3,	'{\"ar\": \"انترنت\", \"en\": \"Internet\"}',	'<i class=\"fas fa-wifi\"></i>',	'2022-04-25 19:47:28',	'2022-04-25 19:47:28');

DROP TABLE IF EXISTS `admins`;
CREATE TABLE `admins` (
  `id` bigint(20) unsigned NOT NULL AUTO_INCREMENT,
  `name` varchar(255) COLLATE utf8mb4_unicode_ci NOT NULL,
  `email` varchar(255) COLLATE utf8mb4_unicode_ci NOT NULL,
  `password` varchar(255) COLLATE utf8mb4_unicode_ci NOT NULL,
  `active` tinyint(1) NOT NULL DEFAULT '0',
  `remember_token` varchar(100) COLLATE utf8mb4_unicode_ci DEFAULT NULL,
  `created_at` timestamp NULL DEFAULT NULL,
  `updated_at` timestamp NULL DEFAULT NULL,
  PRIMARY KEY (`id`),
  UNIQUE KEY `admins_email_unique` (`email`)
) ENGINE=InnoDB DEFAULT CHARSET=utf8mb4 COLLATE=utf8mb4_unicode_ci;

INSERT INTO `admins` (`id`, `name`, `email`, `password`, `active`, `remember_token`, `created_at`, `updated_at`) VALUES
(1,	'admin',	'admin@email.com',	'$2y$10$eny.tlCgTXlEfjwXCoSIMuzWKdjKIq90lvHTRdmrMrAn.QSTrHL4K',	1,	'T08cSYBV5hYnz87lg9p6YJAl9XiCVUOQHk4NhrfcRtbZsRMTjEMfEaydx2R8',	'2022-03-10 07:55:21',	'2022-03-23 08:17:46');

DROP TABLE IF EXISTS `buses`;
CREATE TABLE `buses` (
  `id` bigint(20) unsigned NOT NULL AUTO_INCREMENT,
  `plate` varchar(255) COLLATE utf8mb4_unicode_ci NOT NULL,
  `image` varchar(255) COLLATE utf8mb4_unicode_ci DEFAULT NULL,
  `passengers` int(11) NOT NULL,
  `account_id` bigint(20) unsigned DEFAULT NULL,
  `provider_id` bigint(20) unsigned NOT NULL,
  `active` tinyint(4) unsigned NOT NULL DEFAULT '1',
  `created_at` timestamp NULL DEFAULT NULL,
  `updated_at` timestamp NULL DEFAULT NULL,
  PRIMARY KEY (`id`),
  KEY `provider_id` (`provider_id`),
  KEY `account_id` (`account_id`),
  CONSTRAINT `buses_ibfk_2` FOREIGN KEY (`provider_id`) REFERENCES `providers` (`id`) ON DELETE CASCADE ON UPDATE CASCADE,
  CONSTRAINT `buses_ibfk_3` FOREIGN KEY (`account_id`) REFERENCES `accounts` (`id`) ON DELETE SET NULL ON UPDATE CASCADE
) ENGINE=InnoDB DEFAULT CHARSET=utf8mb4 COLLATE=utf8mb4_unicode_ci;

INSERT INTO `buses` (`id`, `plate`, `image`, `passengers`, `account_id`, `provider_id`, `active`, `created_at`, `updated_at`) VALUES
(1,	'12345 A',	'1648084971_ca9ffc0170ff5ef6.png',	100,	6,	18,	1,	'2022-03-23 21:19:27',	'2022-03-23 21:22:51'),
(2,	'12345 B',	'1648625560_9700-15m-variant.jpg',	200,	6,	18,	1,	'2022-03-30 03:32:40',	'2022-03-30 03:32:40'),
(3,	'12345 C Sharjah',	'1649070758_FFG.webp',	150,	7,	1,	1,	'2022-04-04 07:12:38',	'2022-04-04 07:12:38'),
(4,	'12345 C',	'1649070783_0210126113352567.png',	100,	NULL,	1,	0,	'2022-04-04 07:13:03',	'2022-04-26 18:32:20');

DROP TABLE IF EXISTS `bus_datetimes`;
CREATE TABLE `bus_datetimes` (
  `id` bigint(20) unsigned NOT NULL AUTO_INCREMENT,
  `bus_id` bigint(20) unsigned NOT NULL,
  `bus_order_id` bigint(20) unsigned DEFAULT NULL,
  `trip_id` bigint(20) unsigned DEFAULT NULL,
  `date` varchar(100) COLLATE utf8mb4_unicode_ci NOT NULL,
  `time_from` varchar(100) COLLATE utf8mb4_unicode_ci NOT NULL,
  `time_to` varchar(100) COLLATE utf8mb4_unicode_ci NOT NULL,
  `created_at` timestamp NULL DEFAULT NULL,
  `updated_at` timestamp NULL DEFAULT NULL,
  PRIMARY KEY (`id`),
  KEY `bus_id` (`bus_id`),
  KEY `trip_id` (`trip_id`),
  KEY `bus_order_id` (`bus_order_id`),
  CONSTRAINT `bus_datetimes_ibfk_3` FOREIGN KEY (`bus_id`) REFERENCES `buses` (`id`) ON DELETE CASCADE ON UPDATE CASCADE,
  CONSTRAINT `bus_datetimes_ibfk_6` FOREIGN KEY (`trip_id`) REFERENCES `trips` (`id`) ON DELETE SET NULL ON UPDATE CASCADE,
  CONSTRAINT `bus_datetimes_ibfk_7` FOREIGN KEY (`bus_order_id`) REFERENCES `bus_orders` (`id`) ON DELETE SET NULL ON UPDATE CASCADE
) ENGINE=InnoDB DEFAULT CHARSET=utf8mb4 COLLATE=utf8mb4_unicode_ci;

INSERT INTO `bus_datetimes` (`id`, `bus_id`, `bus_order_id`, `trip_id`, `date`, `time_from`, `time_to`, `created_at`, `updated_at`) VALUES
(2,	1,	16,	NULL,	'2022-04-04',	'11:10',	'17:10',	'2022-04-04 03:24:23',	'2022-04-04 03:24:23'),
(3,	2,	17,	NULL,	'2022-04-04',	'11:45',	'23:45',	'2022-04-04 03:51:29',	'2022-04-04 03:51:29'),
(4,	2,	17,	NULL,	'2022-04-05',	'11:45',	'23:45',	'2022-04-04 03:51:29',	'2022-04-04 03:51:29'),
(6,	4,	20,	NULL,	'2022-04-16',	'10:00',	'16:00',	'2022-04-12 02:37:13',	'2022-04-12 02:37:13'),
(8,	3,	NULL,	NULL,	'2022-04-20',	'10:00',	'18:00',	'2022-04-13 18:34:38',	'2022-04-13 18:34:38'),
(9,	3,	NULL,	NULL,	'2022-04-21',	'10:00',	'18:00',	'2022-04-13 18:34:38',	'2022-04-13 18:34:38'),
(10,	3,	NULL,	NULL,	'2022-04-22',	'10:00',	'18:00',	'2022-04-13 18:34:38',	'2022-04-13 18:34:38'),
(11,	3,	NULL,	NULL,	'2022-04-23',	'10:00',	'18:00',	'2022-04-13 18:34:38',	'2022-04-13 18:34:38'),
(12,	3,	NULL,	NULL,	'2022-04-24',	'10:00',	'18:00',	'2022-04-13 18:34:38',	'2022-04-13 18:34:38'),
(13,	3,	NULL,	NULL,	'2022-04-25',	'10:00',	'18:00',	'2022-04-13 18:34:38',	'2022-04-13 18:34:38'),
(14,	4,	20,	NULL,	'2022-04-16',	'10:00',	'16:00',	'2022-04-14 02:58:21',	'2022-04-14 02:58:21'),
(23,	3,	NULL,	34,	'2022-05-04',	'10:00',	'17:00',	'2022-04-27 01:14:39',	'2022-04-27 01:14:39'),
(24,	3,	NULL,	34,	'2022-05-05',	'10:00',	'17:00',	'2022-04-27 01:14:39',	'2022-04-27 01:14:39'),
(25,	3,	NULL,	34,	'2022-05-06',	'10:00',	'17:00',	'2022-04-27 01:14:39',	'2022-04-27 01:14:39'),
(26,	3,	NULL,	34,	'2022-05-07',	'10:00',	'17:00',	'2022-04-27 01:14:39',	'2022-04-27 01:14:39'),
(27,	3,	NULL,	34,	'2022-05-08',	'10:00',	'17:00',	'2022-05-09 11:02:18',	'2022-05-09 11:02:18'),
(28,	3,	NULL,	34,	'2022-05-09',	'10:00',	'17:00',	'2022-05-09 11:02:18',	'2022-05-09 11:02:18'),
(29,	3,	NULL,	34,	'2022-05-10',	'10:00',	'17:00',	'2022-05-09 11:02:18',	'2022-05-09 11:02:18'),
(30,	3,	NULL,	34,	'2022-05-11',	'10:00',	'17:00',	'2022-05-09 11:02:18',	'2022-05-09 11:02:18'),
(31,	3,	NULL,	34,	'2022-05-12',	'10:00',	'17:00',	'2022-05-09 11:02:18',	'2022-05-09 11:02:18'),
(32,	3,	NULL,	34,	'2022-05-13',	'10:00',	'17:00',	'2022-05-09 11:02:18',	'2022-05-09 11:02:18'),
(33,	3,	NULL,	34,	'2022-05-14',	'10:00',	'17:00',	'2022-05-09 11:02:18',	'2022-05-09 11:02:18'),
(34,	3,	NULL,	34,	'2022-05-15',	'10:00',	'17:00',	'2022-05-09 11:02:18',	'2022-05-09 11:02:18'),
(35,	3,	NULL,	34,	'2022-05-16',	'10:00',	'17:00',	'2022-05-09 11:02:18',	'2022-05-09 11:02:18'),
(36,	3,	NULL,	34,	'2022-05-17',	'10:00',	'17:00',	'2022-05-09 11:02:18',	'2022-05-09 11:02:18'),
(37,	3,	NULL,	34,	'2022-05-18',	'10:00',	'17:00',	'2022-05-09 11:02:18',	'2022-05-09 11:02:18'),
(38,	3,	NULL,	34,	'2022-05-19',	'10:00',	'17:00',	'2022-05-09 11:02:18',	'2022-05-09 11:02:18'),
(39,	3,	NULL,	34,	'2022-05-20',	'10:00',	'17:00',	'2022-05-09 11:02:18',	'2022-05-09 11:02:18'),
(40,	3,	NULL,	34,	'2022-05-21',	'10:00',	'17:00',	'2022-05-09 11:02:18',	'2022-05-09 11:02:18'),
(41,	3,	NULL,	34,	'2022-05-22',	'10:00',	'17:00',	'2022-05-09 11:02:18',	'2022-05-09 11:02:18'),
(42,	3,	NULL,	34,	'2022-05-23',	'10:00',	'17:00',	'2022-05-09 11:02:18',	'2022-05-09 11:02:18'),
(43,	3,	NULL,	34,	'2022-05-24',	'10:00',	'17:00',	'2022-05-09 11:02:18',	'2022-05-09 11:02:18'),
(44,	3,	NULL,	34,	'2022-05-25',	'10:00',	'17:00',	'2022-05-09 11:02:18',	'2022-05-09 11:02:18'),
(45,	3,	NULL,	34,	'2022-05-26',	'10:00',	'17:00',	'2022-05-09 11:02:18',	'2022-05-09 11:02:18'),
(46,	3,	NULL,	34,	'2022-05-27',	'10:00',	'17:00',	'2022-05-09 11:02:18',	'2022-05-09 11:02:18'),
(47,	3,	NULL,	34,	'2022-05-28',	'10:00',	'17:00',	'2022-05-09 11:02:18',	'2022-05-09 11:02:18'),
(48,	3,	NULL,	34,	'2022-05-29',	'10:00',	'17:00',	'2022-05-09 11:02:18',	'2022-05-09 11:02:18'),
(49,	3,	NULL,	34,	'2022-05-30',	'10:00',	'17:00',	'2022-05-09 11:02:18',	'2022-05-09 11:02:18'),
(50,	3,	NULL,	34,	'2022-05-31',	'10:00',	'17:00',	'2022-05-09 11:02:18',	'2022-05-09 11:02:18'),
(51,	3,	NULL,	34,	'2022-06-01',	'10:00',	'17:00',	'2022-05-09 11:02:18',	'2022-05-09 11:02:18'),
(52,	3,	NULL,	34,	'2022-06-02',	'10:00',	'17:00',	'2022-05-09 11:02:18',	'2022-05-09 11:02:18'),
(53,	3,	NULL,	34,	'2022-06-03',	'10:00',	'17:00',	'2022-05-09 11:02:18',	'2022-05-09 11:02:18'),
(54,	3,	NULL,	34,	'2022-06-04',	'10:00',	'17:00',	'2022-05-09 11:02:18',	'2022-05-09 11:02:18'),
(55,	4,	20,	NULL,	'2022-04-16',	'10:00',	'16:00',	'2022-05-11 08:34:49',	'2022-05-11 08:34:49');

DROP TABLE IF EXISTS `bus_orders`;
CREATE TABLE `bus_orders` (
  `id` bigint(20) unsigned NOT NULL AUTO_INCREMENT,
  `date_from` varchar(255) COLLATE utf8mb4_unicode_ci NOT NULL,
  `date_to` varchar(255) COLLATE utf8mb4_unicode_ci NOT NULL,
  `time_from` varchar(255) COLLATE utf8mb4_unicode_ci NOT NULL,
  `time_to` varchar(255) COLLATE utf8mb4_unicode_ci NOT NULL,
  `lat` varchar(255) COLLATE utf8mb4_unicode_ci NOT NULL,
  `lng` varchar(255) COLLATE utf8mb4_unicode_ci NOT NULL,
  `zoom` int(11) NOT NULL,
  `user_id` bigint(20) unsigned DEFAULT NULL,
  `provider_id` bigint(20) unsigned DEFAULT NULL,
  `bus_id` bigint(20) unsigned DEFAULT NULL,
  `fees` double DEFAULT NULL,
  `tax` double DEFAULT NULL,
  `total` double DEFAULT NULL,
  `status` enum('pending','canceled','approved','rejected','paid','complete') COLLATE utf8mb4_unicode_ci NOT NULL DEFAULT 'pending',
  `user_notes` text COLLATE utf8mb4_unicode_ci,
  `provider_notes` text COLLATE utf8mb4_unicode_ci,
  `admin_notes` text COLLATE utf8mb4_unicode_ci,
  `user_archive` tinyint(4) unsigned NOT NULL DEFAULT '0',
  `provider_archive` tinyint(4) unsigned NOT NULL DEFAULT '0',
  `destination` json DEFAULT NULL,
  `created_at` timestamp NULL DEFAULT NULL,
  `updated_at` timestamp NULL DEFAULT NULL,
  PRIMARY KEY (`id`),
  KEY `provider_id` (`provider_id`),
  KEY `bus_id` (`bus_id`),
  KEY `user_id` (`user_id`),
  CONSTRAINT `bus_orders_ibfk_2` FOREIGN KEY (`provider_id`) REFERENCES `providers` (`id`) ON DELETE SET NULL ON UPDATE CASCADE,
  CONSTRAINT `bus_orders_ibfk_3` FOREIGN KEY (`bus_id`) REFERENCES `buses` (`id`) ON DELETE SET NULL ON UPDATE CASCADE,
  CONSTRAINT `bus_orders_ibfk_4` FOREIGN KEY (`user_id`) REFERENCES `users` (`id`) ON DELETE SET NULL ON UPDATE CASCADE
) ENGINE=InnoDB DEFAULT CHARSET=utf8mb4 COLLATE=utf8mb4_unicode_ci;

INSERT INTO `bus_orders` (`id`, `date_from`, `date_to`, `time_from`, `time_to`, `lat`, `lng`, `zoom`, `user_id`, `provider_id`, `bus_id`, `fees`, `tax`, `total`, `status`, `user_notes`, `provider_notes`, `admin_notes`, `user_archive`, `provider_archive`, `destination`, `created_at`, `updated_at`) VALUES
(2,	'2022-04-04',	'2022-04-04',	'10:00',	'18:00',	'25.4052',	'55.5136',	12,	1,	18,	1,	700,	105,	805,	'rejected',	NULL,	NULL,	'test',	0,	0,	NULL,	'2022-04-04 03:06:47',	'2022-05-11 08:20:58'),
(16,	'2022-04-04',	'2022-04-04',	'11:10',	'17:10',	'25.4052',	'55.5136',	12,	1,	18,	1,	700,	105,	805,	'approved',	NULL,	NULL,	NULL,	0,	0,	NULL,	'2022-04-04 03:24:23',	'2022-04-04 03:24:23'),
(17,	'2022-04-04',	'2022-04-05',	'11:45',	'23:45',	'25.4052',	'55.5136',	12,	1,	1,	3,	1000,	150,	1150,	'rejected',	NULL,	'test reject from provider and return money to the user wallet.',	NULL,	0,	0,	NULL,	'2022-04-04 03:51:29',	'2022-05-11 08:32:16'),
(18,	'2022-04-06',	'2022-04-06',	'09:35',	'18:35',	'25.4052',	'55.5136',	12,	1,	1,	3,	700,	105,	805,	'canceled',	'The date is due and I didn\'t do the payment. I will create another order for next Sunday but please approve quickly.\r\nThank you!',	'It is a long established fact that a reader will be distracted by the readable content of a page when looking at its layout. The point of using Lorem Ipsum is that it has a more-or-less normal distribution of letters, as opposed to using \'Content here, content here\', making it look like readable English.',	NULL,	0,	0,	NULL,	'2022-04-04 07:35:58',	'2022-04-12 04:18:05'),
(20,	'2022-04-16',	'2022-04-16',	'10:00',	'16:00',	'25.4052',	'55.5136',	12,	1,	1,	4,	400,	60,	460,	'approved',	'Lorem Ipsum is simply dummy text of the printing and typesetting industry. Lorem Ipsum has been the industry\'s standard dummy text ever since the 1500s, when an unknown printer took a galley of type and scrambled it to make a type specimen book.',	'It is a long established fact that a reader will be distracted by the readable content of a page when looking at its layout.',	NULL,	0,	0,	'[\"1\"]',	'2022-04-12 02:37:13',	'2022-05-11 08:34:49');

DROP TABLE IF EXISTS `categories`;
CREATE TABLE `categories` (
  `id` bigint(20) unsigned NOT NULL AUTO_INCREMENT,
  `name` json NOT NULL,
  `created_at` timestamp NULL DEFAULT NULL,
  `updated_at` timestamp NULL DEFAULT NULL,
  PRIMARY KEY (`id`)
) ENGINE=InnoDB DEFAULT CHARSET=utf8mb4 COLLATE=utf8mb4_unicode_ci;

INSERT INTO `categories` (`id`, `name`, `created_at`, `updated_at`) VALUES
(2,	'{\"ar\": \"تصنيف 1\", \"en\": \"category 1\"}',	'2022-03-28 00:28:35',	'2022-03-28 00:28:35');

DROP TABLE IF EXISTS `cities`;
CREATE TABLE `cities` (
  `id` bigint(20) unsigned NOT NULL AUTO_INCREMENT,
  `name` json NOT NULL,
  `created_at` timestamp NULL DEFAULT NULL,
  `updated_at` timestamp NULL DEFAULT NULL,
  PRIMARY KEY (`id`)
) ENGINE=InnoDB DEFAULT CHARSET=utf8mb4 COLLATE=utf8mb4_unicode_ci;

INSERT INTO `cities` (`id`, `name`, `created_at`, `updated_at`) VALUES
(2,	'{\"ar\": \"دبي\", \"en\": \"Dubai\"}',	'2022-03-28 00:36:06',	'2022-03-28 00:36:06'),
(3,	'{\"ar\": \"الشارقة\", \"en\": \"Sharjah\"}',	'2022-03-29 10:11:34',	'2022-03-29 10:11:34'),
(4,	'{\"ar\": \"عجمان\", \"en\": \"Ajman\"}',	'2022-03-29 10:11:55',	'2022-03-29 10:11:55'),
(5,	'{\"ar\": \"العين\", \"en\": \"Al Ain\"}',	'2022-03-29 10:11:55',	'2022-03-29 10:11:55');

DROP TABLE IF EXISTS `contacts`;
CREATE TABLE `contacts` (
  `id` bigint(20) unsigned NOT NULL AUTO_INCREMENT,
  `name` varchar(255) COLLATE utf8mb4_unicode_ci NOT NULL,
  `email` varchar(255) COLLATE utf8mb4_unicode_ci NOT NULL,
  `type` enum('contact','complaint','enquiry','suggestion','help','feedback') COLLATE utf8mb4_unicode_ci NOT NULL DEFAULT 'contact',
  `subject` varchar(255) COLLATE utf8mb4_unicode_ci NOT NULL,
  `message` text COLLATE utf8mb4_unicode_ci NOT NULL,
  `read_at` timestamp NULL DEFAULT NULL,
  `reply_message` text COLLATE utf8mb4_unicode_ci,
  `user_id` bigint(20) unsigned DEFAULT NULL,
  `account_id` bigint(20) unsigned DEFAULT NULL,
  `created_at` timestamp NULL DEFAULT NULL,
  `updated_at` timestamp NULL DEFAULT NULL,
  PRIMARY KEY (`id`),
  KEY `user_id` (`user_id`),
  KEY `account_id` (`account_id`),
  CONSTRAINT `contacts_ibfk_3` FOREIGN KEY (`user_id`) REFERENCES `users` (`id`) ON DELETE SET NULL ON UPDATE CASCADE,
  CONSTRAINT `contacts_ibfk_5` FOREIGN KEY (`account_id`) REFERENCES `accounts` (`id`) ON DELETE SET NULL ON UPDATE CASCADE
) ENGINE=InnoDB DEFAULT CHARSET=utf8mb4 COLLATE=utf8mb4_unicode_ci;

INSERT INTO `contacts` (`id`, `name`, `email`, `type`, `subject`, `message`, `read_at`, `reply_message`, `user_id`, `account_id`, `created_at`, `updated_at`) VALUES
(1,	'test',	'anaaml761@gmail.com',	'contact',	'Test Contact us message',	'Lorem Ipsum is simply dummy text of the printing and typesetting industry. Lorem Ipsum has been the industry\'s standard dummy text ever since the 1500s, when an unknown printer took a galley of type and scrambled it to make a type specimen book. It has survived not only five centuries, but also the leap into electronic typesetting, remaining essentially unchanged. It was popularised in the 1960s with the release of Letraset sheets containing Lorem Ipsum passages, and more recently with desktop publishing software like Aldus PageMaker including versions of Lorem Ipsum.',	'2022-03-21 03:19:32',	'Dear sir,\r\nLorem Ipsum is simply dummy text of the printing and typesetting industry. \r\nLorem Ipsum has been the industry\'s standard dummy text ever since the 1500s, when an unknown printer took a galley of type and scrambled it to make a type specimen book. It has survived not only five centuries, but also the leap into electronic typesetting, remaining essentially unchanged. https://lipsum.com/\r\nThank you.',	NULL,	NULL,	'2022-03-21 06:27:58',	'2022-03-21 03:40:35'),
(2,	'aml',	'aml@test.com',	'contact',	'test by admin',	'It is a long established fact that a reader will be distracted by the readable content of a page when looking at its layout. The point of using Lorem Ipsum is that it has a more-or-less normal distribution of letters, as opposed to using \'Content here, content here\', making it look like readable English.',	'2022-03-23 19:12:43',	NULL,	NULL,	NULL,	'2022-03-21 03:16:11',	'2022-03-23 19:12:43'),
(3,	'aml',	'user@email.com',	'complaint',	'test',	'Dear USer\r\n\r\nLorem ipsum dolor sit amet, consectetuer adipiscing elit. Aenean commodo ligula eget dolor. Aenean massa. Cum sociis natoque penatibus et magnis dis parturient montes, nascetur ridiculus mus. Donec quam felis, ultricies nec, pellentesque eu, pretium quis, sem.Nulla consequat massa quis enim. Donec pede justo, fringilla vel, aliquet nec, vulputate eget, arcu. In enim justo, rhoncus ut, imperdiet a, venenatis vitae, justo. Nullam dictum felis eu pede mollis pretium. Integer tincidunt. Cras dapibus. Vivamus elementum semper nisi.\r\n\r\nenean leo ligula, porttitor eu, consequat vitae, eleifend ac, enim. Aliquam lorem ante, dapibus in, viverra quis, feugiat a, tellus. Phasellus viverra nulla ut metus varius laoreet. Quisque rutrum. Aenean imperdiet. Etiam ultricies nisi vel augue. Curabitur ullamcorper ultricies nisi. Nam eget dui. Etiam rhoncus. Maecenas tempus, tellus eget condimentum rhoncus, sem quam semper libero, sit amet adipiscing sem neque sed ipsum. Nam quam nunc, blandit vel, luctus pulvinar,',	'2022-03-28 02:34:50',	'Dear USer\r\n\r\nLorem ipsum dolor sit amet, consectetuer adipiscing elit. Aenean commodo ligula eget dolor. Aenean massa. Cum sociis natoque penatibus et magnis dis parturient montes, nascetur ridiculus mus. Donec quam felis, ultricies nec, pellentesque eu, pretium quis, sem.Nulla consequat massa quis enim. Donec pede justo, fringilla vel, aliquet nec, vulputate eget, arcu. In enim justo, rhoncus ut, imperdiet a, venenatis vitae, justo. Nullam dictum felis eu pede mollis pretium. Integer tincidunt. Cras dapibus. Vivamus elementum semper nisi.\r\n\r\nenean leo ligula, porttitor eu, consequat vitae, eleifend ac, enim. Aliquam lorem ante, dapibus in, viverra quis, feugiat a, tellus. Phasellus viverra nulla ut metus varius laoreet. Quisque rutrum. Aenean imperdiet. Etiam ultricies nisi vel augue. Curabitur ullamcorper ultricies nisi. Nam eget dui. Etiam rhoncus. Maecenas tempus, tellus eget condimentum rhoncus, sem quam semper libero, sit amet adipiscing sem neque sed ipsum. Nam quam nunc, blandit vel, luctus pulvinar,',	1,	NULL,	'2022-03-28 02:27:57',	'2022-03-28 02:35:15'),
(4,	'user',	'user@email.com',	'contact',	'test 2',	'Dear USer\r\n\r\nLorem ipsum dolor sit amet, consectetuer adipiscing elit. Aenean commodo ligula eget dolor. Aenean massa. Cum sociis natoque penatibus et magnis dis parturient montes, nascetur ridiculus mus. Donec quam felis, ultricies nec, pellentesque eu, pretium quis, sem.Nulla consequat massa quis enim. Donec pede justo, fringilla vel, aliquet nec, vulputate eget, arcu. In enim justo, rhoncus ut, imperdiet a, venenatis vitae, justo. Nullam dictum felis eu pede mollis pretium. Integer tincidunt. Cras dapibus. Vivamus elementum semper nisi.\r\n\r\nenean leo ligula, porttitor eu, consequat vitae, eleifend ac, enim. Aliquam lorem ante, dapibus in, viverra quis, feugiat a, tellus. Phasellus viverra nulla ut metus varius laoreet. Quisque rutrum. Aenean imperdiet. Etiam ultricies nisi vel augue. Curabitur ullamcorper ultricies nisi. Nam eget dui. Etiam rhoncus. Maecenas tempus, tellus eget condimentum rhoncus, sem quam semper libero, sit amet adipiscing sem neque sed ipsum. Nam quam nunc, blandit vel, luctus pulvinar,',	'2022-05-09 00:30:43',	NULL,	1,	NULL,	'2022-03-28 02:29:39',	'2022-05-09 00:30:43'),
(5,	'aml user',	'user@email.com',	'contact',	'test 3',	'Dear USer\r\n\r\nLorem ipsum dolor sit amet, consectetuer adipiscing elit. Aenean commodo ligula eget dolor. Aenean massa. Cum sociis natoque penatibus et magnis dis parturient montes, nascetur ridiculus mus. Donec quam felis, ultricies nec, pellentesque eu, pretium quis, sem.Nulla consequat massa quis enim. Donec pede justo, fringilla vel, aliquet nec, vulputate eget, arcu. In enim justo, rhoncus ut, imperdiet a, venenatis vitae, justo. Nullam dictum felis eu pede mollis pretium. Integer tincidunt. Cras dapibus. Vivamus elementum semper nisi.\r\n\r\nenean leo ligula, porttitor eu, consequat vitae, eleifend ac, enim. Aliquam lorem ante, dapibus in, viverra quis, feugiat a, tellus. Phasellus viverra nulla ut metus varius laoreet. Quisque rutrum. Aenean imperdiet. Etiam ultricies nisi vel augue. Curabitur ullamcorper ultricies nisi. Nam eget dui. Etiam rhoncus. Maecenas tempus, tellus eget condimentum rhoncus, sem quam semper libero, sit amet adipiscing sem neque sed ipsum. Nam quam nunc, blandit vel, luctus pulvinar,',	'2022-05-09 00:30:38',	NULL,	1,	NULL,	'2022-03-28 02:31:22',	'2022-05-09 00:30:38'),
(6,	'user',	'user@email.com',	'complaint',	'test 4',	'Dear USer\r\n\r\nLorem ipsum dolor sit amet, consectetuer adipiscing elit. Aenean commodo ligula eget dolor. Aenean massa. Cum sociis natoque penatibus et magnis dis parturient montes, nascetur ridiculus mus. Donec quam felis, ultricies nec, pellentesque eu, pretium quis, sem.Nulla consequat massa quis enim. Donec pede justo, fringilla vel, aliquet nec, vulputate eget, arcu. In enim justo, rhoncus ut, imperdiet a, venenatis vitae, justo. Nullam dictum felis eu pede mollis pretium. Integer tincidunt. Cras dapibus. Vivamus elementum semper nisi.\r\n\r\nenean leo ligula, porttitor eu, consequat vitae, eleifend ac, enim. Aliquam lorem ante, dapibus in, viverra quis, feugiat a, tellus. Phasellus viverra nulla ut metus varius laoreet. Quisque rutrum. Aenean imperdiet. Etiam ultricies nisi vel augue. Curabitur ullamcorper ultricies nisi. Nam eget dui. Etiam rhoncus. Maecenas tempus, tellus eget condimentum rhoncus, sem quam semper libero, sit amet adipiscing sem neque sed ipsum. Nam quam nunc, blandit vel, luctus pulvinar,',	'2022-04-14 03:10:58',	NULL,	1,	NULL,	'2022-03-28 02:32:27',	'2022-04-14 03:10:58'),
(7,	'Aml',	'anaaml761@gmail.com',	'contact',	'test contact us form',	'Many desktop publishing packages and web page editors now use Lorem Ipsum as their default model text, and a search for \'lorem ipsum\' will uncover many web sites still in their infancy. Various versions have evolved over the years, sometimes by accident, sometimes on purpose (injected humour and the like).',	'2022-05-09 00:30:00',	NULL,	1,	NULL,	'2022-04-21 01:07:27',	'2022-05-09 00:30:00'),
(8,	'aml',	'aml@email.com',	'contact',	'test 2',	'Many desktop publishing packages and web page editors now use Lorem Ipsum as their default model text, and a search for \'lorem ipsum\' will uncover many web sites still in their infancy. Various versions have evolved over the years, sometimes by accident, sometimes on purpose (injected humour and the like).',	'2022-05-09 00:30:21',	NULL,	1,	NULL,	'2022-04-21 01:08:29',	'2022-05-09 00:30:21'),
(9,	'unkown',	'anaaml761@gmail.com',	'feedback',	'Feedback',	'Lorem Ipsum is simply dummy text of the printing and typesetting industry. Lorem Ipsum has been the industry\'s standard dummy text ever since the 1500s, when an unknown printer took a galley of type and scrambled it to make a type specimen book. It has survived not only five centuries, but also the leap into electronic typesetting, remaining essentially unchanged. It was popularised in the 1960s with the release of Letraset sheets containing Lorem Ipsum passages, and more recently with desktop publishing software like Aldus PageMaker including versions of Lorem Ipsum.',	'2022-05-09 00:30:07',	NULL,	1,	NULL,	'2022-04-21 02:52:56',	'2022-05-09 00:30:07');

DROP TABLE IF EXISTS `coupons`;
CREATE TABLE `coupons` (
  `id` bigint(20) unsigned NOT NULL AUTO_INCREMENT,
  `provider_id` bigint(20) unsigned NOT NULL,
  `name` varchar(255) COLLATE utf8mb4_unicode_ci NOT NULL,
  `date_from` varchar(255) COLLATE utf8mb4_unicode_ci NOT NULL,
  `date_to` varchar(255) COLLATE utf8mb4_unicode_ci NOT NULL,
  `type` enum('amount','percentage') COLLATE utf8mb4_unicode_ci NOT NULL,
  `discount` double NOT NULL,
  `code` varchar(100) COLLATE utf8mb4_unicode_ci NOT NULL,
  `status` enum('pending','approved','rejected') COLLATE utf8mb4_unicode_ci NOT NULL DEFAULT 'pending',
  `admin_notes` text COLLATE utf8mb4_unicode_ci,
  `created_at` timestamp NULL DEFAULT NULL,
  `updated_at` timestamp NULL DEFAULT NULL,
  PRIMARY KEY (`id`),
  KEY `coupons_provider_id_foreign` (`provider_id`),
  CONSTRAINT `coupons_provider_id_foreign` FOREIGN KEY (`provider_id`) REFERENCES `providers` (`id`) ON DELETE CASCADE ON UPDATE CASCADE
) ENGINE=InnoDB DEFAULT CHARSET=utf8mb4 COLLATE=utf8mb4_unicode_ci;

INSERT INTO `coupons` (`id`, `provider_id`, `name`, `date_from`, `date_to`, `type`, `discount`, `code`, `status`, `admin_notes`, `created_at`, `updated_at`) VALUES
(1,	1,	'C1',	'2022-04-29',	'2022-05-26',	'percentage',	20,	'ZP52d',	'approved',	NULL,	'2022-04-26 18:07:20',	'2022-05-09 10:58:37');

DROP TABLE IF EXISTS `destinations`;
CREATE TABLE `destinations` (
  `id` bigint(20) unsigned NOT NULL AUTO_INCREMENT,
  `provider_id` bigint(20) unsigned NOT NULL,
  `from_city_id` bigint(20) unsigned NOT NULL,
  `to_city_id` bigint(20) unsigned NOT NULL,
  `starting_terminal_id` bigint(20) unsigned DEFAULT NULL,
  `arrival_terminal_id` bigint(20) unsigned DEFAULT NULL,
  `stops` json DEFAULT NULL,
  `created_at` timestamp NULL DEFAULT NULL,
  `updated_at` timestamp NULL DEFAULT NULL,
  PRIMARY KEY (`id`),
  KEY `destinations_provider_id_foreign` (`provider_id`),
  KEY `destinations_from_city_id_foreign` (`from_city_id`),
  KEY `destinations_to_city_id_foreign` (`to_city_id`),
  KEY `arrival_terminal_id` (`arrival_terminal_id`),
  KEY `starting_terminal_id` (`starting_terminal_id`),
  CONSTRAINT `destinations_from_city_id_foreign` FOREIGN KEY (`from_city_id`) REFERENCES `cities` (`id`) ON DELETE CASCADE ON UPDATE CASCADE,
  CONSTRAINT `destinations_ibfk_3` FOREIGN KEY (`arrival_terminal_id`) REFERENCES `terminals` (`id`) ON DELETE SET NULL ON UPDATE CASCADE,
  CONSTRAINT `destinations_ibfk_4` FOREIGN KEY (`starting_terminal_id`) REFERENCES `terminals` (`id`) ON DELETE SET NULL ON UPDATE CASCADE,
  CONSTRAINT `destinations_provider_id_foreign` FOREIGN KEY (`provider_id`) REFERENCES `providers` (`id`) ON DELETE CASCADE ON UPDATE CASCADE,
  CONSTRAINT `destinations_to_city_id_foreign` FOREIGN KEY (`to_city_id`) REFERENCES `cities` (`id`) ON DELETE CASCADE ON UPDATE CASCADE
) ENGINE=InnoDB DEFAULT CHARSET=utf8mb4 COLLATE=utf8mb4_unicode_ci;

INSERT INTO `destinations` (`id`, `provider_id`, `from_city_id`, `to_city_id`, `starting_terminal_id`, `arrival_terminal_id`, `stops`, `created_at`, `updated_at`) VALUES
(1,	1,	4,	3,	1,	2,	'[\"3\"]',	'2022-04-25 21:20:15',	'2022-04-27 00:05:27');

DROP TABLE IF EXISTS `emails`;
CREATE TABLE `emails` (
  `id` bigint(20) unsigned NOT NULL AUTO_INCREMENT,
  `email` varchar(255) COLLATE utf8mb4_unicode_ci NOT NULL,
  `created_at` timestamp NULL DEFAULT NULL,
  `updated_at` timestamp NULL DEFAULT NULL,
  PRIMARY KEY (`id`)
) ENGINE=InnoDB DEFAULT CHARSET=utf8mb4 COLLATE=utf8mb4_unicode_ci;

INSERT INTO `emails` (`id`, `email`, `created_at`, `updated_at`) VALUES
(1,	'anaaml761@gmail.com',	'2022-04-21 02:20:49',	'2022-04-21 02:20:49'),
(2,	'aml2@gmail.com',	'2022-04-21 02:31:23',	'2022-04-21 02:31:23'),
(3,	'test@email.com',	'2022-04-21 02:32:13',	'2022-04-21 02:32:13'),
(4,	'test2@email.com',	'2022-04-21 02:32:44',	'2022-04-21 02:32:44'),
(5,	'h@a.co',	'2022-04-21 02:33:11',	'2022-04-21 02:33:11'),
(6,	'h@g.v',	'2022-04-21 02:33:40',	'2022-04-21 02:33:40'),
(7,	'test3@email.com',	'2022-04-21 02:34:59',	'2022-04-21 02:34:59');

DROP TABLE IF EXISTS `failed_jobs`;
CREATE TABLE `failed_jobs` (
  `id` bigint(20) unsigned NOT NULL AUTO_INCREMENT,
  `uuid` varchar(255) COLLATE utf8mb4_unicode_ci NOT NULL,
  `connection` text COLLATE utf8mb4_unicode_ci NOT NULL,
  `queue` text COLLATE utf8mb4_unicode_ci NOT NULL,
  `payload` longtext COLLATE utf8mb4_unicode_ci NOT NULL,
  `exception` longtext COLLATE utf8mb4_unicode_ci NOT NULL,
  `failed_at` timestamp NOT NULL DEFAULT CURRENT_TIMESTAMP,
  PRIMARY KEY (`id`),
  UNIQUE KEY `failed_jobs_uuid_unique` (`uuid`)
) ENGINE=InnoDB DEFAULT CHARSET=utf8mb4 COLLATE=utf8mb4_unicode_ci;


DROP TABLE IF EXISTS `features`;
CREATE TABLE `features` (
  `id` bigint(20) unsigned NOT NULL AUTO_INCREMENT,
  `title` json NOT NULL,
  `text` json NOT NULL,
  `icon` varchar(255) COLLATE utf8mb4_unicode_ci DEFAULT NULL,
  `created_at` timestamp NULL DEFAULT NULL,
  `updated_at` timestamp NULL DEFAULT NULL,
  PRIMARY KEY (`id`)
) ENGINE=InnoDB DEFAULT CHARSET=utf8mb4 COLLATE=utf8mb4_unicode_ci;

INSERT INTO `features` (`id`, `title`, `text`, `icon`, `created_at`, `updated_at`) VALUES
(1,	'{\"ar\": \"لوريم ايبسوم\", \"en\": \"Lorem Ipsum\"}',	'{\"ar\": \"هناك حقيقة مثبتة منذ زمن طويل وهي أن المحتوى المقروء لصفحة ما سيلهي القارئ عن التركيز على الشكل الخارجي للنص أو شكل توضع الفقرات في الصفحة التي يقرأها.\", \"en\": \"Lorem ipsum dolor sit amet consectetur adipisicing elit. Provident ab nulla quod dignissimos vel non corrupti doloribus voluptatum eveniet.\"}',	NULL,	'2022-04-21 00:22:19',	'2022-04-21 00:22:19');

DROP TABLE IF EXISTS `ltm_translations`;
CREATE TABLE `ltm_translations` (
  `id` bigint(20) unsigned NOT NULL AUTO_INCREMENT,
  `status` int(11) NOT NULL DEFAULT '0',
  `locale` varchar(255) COLLATE utf8mb4_bin NOT NULL,
  `group` varchar(255) COLLATE utf8mb4_bin NOT NULL,
  `key` text COLLATE utf8mb4_bin NOT NULL,
  `value` text COLLATE utf8mb4_bin,
  `created_at` timestamp NULL DEFAULT NULL,
  `updated_at` timestamp NULL DEFAULT NULL,
  PRIMARY KEY (`id`)
) ENGINE=InnoDB DEFAULT CHARSET=utf8mb4 COLLATE=utf8mb4_bin;

INSERT INTO `ltm_translations` (`id`, `status`, `locale`, `group`, `key`, `value`, `created_at`, `updated_at`) VALUES
(1,	0,	'en',	'messages',	'saved',	':model saved successfully.',	'2022-03-21 00:30:26',	'2022-03-21 01:30:39'),
(2,	1,	'en',	'models/admins',	'singular',	'Admin',	'2022-03-21 00:30:26',	'2022-03-21 01:00:35'),
(3,	0,	'en',	'messages',	'not_found',	':model not found',	'2022-03-21 00:30:26',	'2022-03-21 01:30:39'),
(4,	0,	'en',	'messages',	'updated',	':model updated successfully.',	'2022-03-21 00:30:26',	'2022-03-21 01:30:39'),
(5,	0,	'en',	'messages',	'deleted',	':model deleted successfully.',	'2022-03-21 00:30:26',	'2022-03-21 01:30:39'),
(6,	0,	'en',	'auth',	'inactive',	'Inactive',	'2022-03-21 00:30:26',	'2022-03-21 01:30:39'),
(7,	0,	'en',	'auth',	'failed',	'These credentials do not match our records.',	'2022-03-21 00:30:26',	'2022-03-21 01:30:39'),
(8,	1,	'en',	'models/notifications',	'singular',	'Notification',	'2022-03-21 00:30:26',	'2022-03-21 01:02:34'),
(9,	0,	'en',	'msg',	'updated_successfully',	':name updated successfully',	'2022-03-21 00:30:26',	'2022-03-21 01:37:29'),
(10,	0,	'en',	'msg',	'profile',	'Profile',	'2022-03-21 00:30:26',	'2022-03-21 01:37:29'),
(11,	0,	'en',	'passwords',	'dismatch',	'Password does not match your current password.',	'2022-03-21 00:30:26',	'2022-03-21 01:30:39'),
(12,	0,	'en',	'msg',	'password',	'Password',	'2022-03-21 00:30:26',	'2022-03-21 01:37:29'),
(13,	1,	'en',	'models/providers',	'singular',	'Provider',	'2022-03-21 00:30:26',	'2022-03-21 01:04:41'),
(14,	1,	'en',	'models/users',	'singular',	'User',	'2022-03-21 00:30:26',	'2022-03-21 01:05:42'),
(15,	0,	'en',	'messages',	'retrieved',	':model retrieved successfully.',	'2022-03-21 00:30:26',	'2022-03-21 01:30:39'),
(16,	1,	'en',	'models/admins',	'plural',	'Admins',	'2022-03-21 00:30:26',	'2022-03-21 01:00:31'),
(17,	1,	'en',	'models/notifications',	'plural',	'Notifications',	'2022-03-21 00:30:26',	'2022-03-21 01:02:28'),
(18,	1,	'en',	'models/providers',	'plural',	'Providers',	'2022-03-21 00:30:26',	'2022-03-21 01:04:37'),
(19,	1,	'en',	'models/users',	'plural',	'Users',	'2022-03-21 00:30:26',	'2022-03-21 01:05:39'),
(20,	0,	'en',	'auth',	'password',	'Password',	'2022-03-21 00:30:26',	'2022-03-21 01:30:39'),
(21,	0,	'en',	'auth',	'blocked',	'Your account is blocked, please contact admin for more details.',	'2022-03-21 00:30:26',	'2022-03-21 01:30:39'),
(22,	0,	'en',	'auth',	'unapproved',	'Your account is unapproved, please contact admin for more details',	'2022-03-21 00:30:26',	'2022-03-21 01:30:39'),
(23,	0,	'en',	'auth',	'verify_email.title',	'Verify Your Email Address',	'2022-03-21 00:30:26',	'2022-03-21 01:30:39'),
(24,	0,	'en',	'auth',	'verify_email.error_sending',	'Some error ocuured while sending verification email.',	'2022-03-21 00:30:26',	'2022-03-21 01:30:39'),
(25,	0,	'en',	'auth',	'verify_email.success',	'A fresh verification link has been sent to your email address',	'2022-03-21 00:30:26',	'2022-03-21 01:30:39'),
(26,	0,	'en',	'auth',	'verify_email.error',	'The link is not valid, please click the link below to request another.',	'2022-03-21 00:30:26',	'2022-03-21 01:30:39'),
(27,	1,	'en',	'auth',	'verify_email.verify_success',	'You have successfully verified your email address.',	'2022-03-21 00:30:26',	'2022-04-25 21:34:34'),
(28,	0,	'en',	'auth',	'throttle',	'Too many login attempts. Please try again in :seconds seconds.',	'2022-03-21 00:30:26',	'2022-03-21 01:30:39'),
(29,	0,	'en',	'msg',	'active',	'Active',	'2022-03-21 00:30:26',	'2022-03-21 01:37:29'),
(30,	0,	'en',	'msg',	'inactive',	'Inactive',	'2022-03-21 00:30:26',	'2022-03-21 01:37:29'),
(31,	0,	'en',	'msg',	'blocked',	'Blocked',	'2022-03-21 00:30:26',	'2022-03-21 01:37:29'),
(32,	1,	'en',	'models/providers',	'approved',	'Approved',	'2022-03-21 00:30:26',	'2022-03-21 01:03:55'),
(33,	1,	'en',	'models/providers',	'unapproved',	'Unapproved',	'2022-03-21 00:30:26',	'2022-03-21 01:04:46'),
(34,	0,	'en',	'crud',	'create',	'Create',	'2022-03-21 00:30:26',	'2022-03-21 03:19:17'),
(35,	0,	'en',	'crud',	'edit',	'Edit',	'2022-03-21 00:30:26',	'2022-03-21 03:19:17'),
(36,	1,	'en',	'models/admins',	'fields.name',	'Name',	'2022-03-21 00:30:26',	'2022-03-21 01:00:19'),
(37,	1,	'en',	'models/admins',	'fields.email',	'Email',	'2022-03-21 00:30:26',	'2022-03-21 01:00:12'),
(38,	1,	'en',	'models/admins',	'fields.password',	'Password',	'2022-03-21 00:30:26',	'2022-03-21 01:00:23'),
(39,	1,	'en',	'models/admins',	'fields.active',	'Active',	'2022-03-21 00:30:26',	'2022-03-21 01:00:08'),
(40,	0,	'en',	'crud',	'add_new',	'Add New',	'2022-03-21 00:30:26',	'2022-03-21 03:19:17'),
(41,	0,	'en',	'crud',	'show',	'Show',	'2022-03-21 00:30:26',	'2022-03-21 03:19:17'),
(42,	1,	'en',	'models/admins',	'fields.status',	'Status',	'2022-03-21 00:30:26',	'2022-03-21 01:00:27'),
(43,	0,	'en',	'auth',	'login.admin',	'Admin Login',	'2022-03-21 00:30:26',	'2022-03-21 01:30:39'),
(44,	0,	'en',	'auth',	'email',	'Email',	'2022-03-21 00:30:26',	'2022-03-21 01:30:39'),
(45,	0,	'en',	'auth',	'login.forgot_password',	'Forgot password ?',	'2022-03-21 00:30:26',	'2022-03-21 01:30:39'),
(46,	0,	'en',	'auth',	'confirm_passwords.title',	'Please confirm your password before continuing.',	'2022-03-21 00:30:26',	'2022-03-21 01:30:39'),
(47,	0,	'en',	'auth',	'forgot_password.title',	'Enter Email to reset password',	'2022-03-21 00:30:26',	'2022-03-21 01:30:39'),
(48,	0,	'en',	'auth',	'reset_password.title',	'Reset your password',	'2022-03-21 00:30:26',	'2022-03-21 01:30:39'),
(49,	0,	'en',	'auth',	'confirm_password',	'Confirm Password',	'2022-03-21 00:30:26',	'2022-03-21 01:30:39'),
(50,	0,	'en',	'msg',	'dashboard',	'Dashboard',	'2022-03-21 00:30:27',	'2022-03-21 01:37:29'),
(51,	1,	'en',	'msg',	'app_name',	'Laravel',	'2022-03-21 00:30:27',	'2022-04-25 21:34:34'),
(52,	0,	'en',	'msg',	'settings',	'Settings',	'2022-03-21 00:30:27',	'2022-03-21 01:37:29'),
(53,	0,	'en',	'auth',	'sign_out',	'Sign out',	'2022-03-21 00:30:27',	'2022-03-21 01:30:39'),
(54,	0,	'en',	'msg',	'app_users',	'App Users',	'2022-03-21 00:30:27',	'2022-03-21 01:37:29'),
(55,	0,	'en',	'msg',	'messages',	'Messages',	'2022-03-21 00:30:27',	'2022-03-21 01:37:29'),
(56,	0,	'en',	'msg',	'translation',	'Translation',	'2022-03-21 00:30:27',	'2022-03-21 01:37:29'),
(57,	1,	'en',	'models/notifications',	'fields.title',	'Title',	'2022-03-21 00:30:27',	'2022-03-21 01:02:05'),
(58,	1,	'en',	'models/notifications',	'fields.text',	'Text',	'2022-03-21 00:30:27',	'2022-03-21 01:02:02'),
(59,	1,	'en',	'models/notifications',	'fields.type',	'Type',	'2022-03-21 00:30:27',	'2022-03-21 01:02:11'),
(60,	0,	'en',	'models/notifications',	'types.primary',	'Primary',	'2022-03-21 00:30:27',	'2022-03-21 00:30:27'),
(61,	1,	'en',	'models/notifications',	'fields.to',	'To',	'2022-03-21 00:30:27',	'2022-03-21 01:02:08'),
(62,	1,	'en',	'models/notifications',	'fields.admin_id',	'Admin id',	'2022-03-21 00:30:27',	'2022-03-21 01:01:49'),
(63,	1,	'en',	'models/notifications',	'to.all_admins',	'All admins',	'2022-03-21 00:30:27',	'2022-03-21 01:02:39'),
(64,	1,	'en',	'models/notifications',	'fields.user_id',	'User id',	'2022-03-21 00:30:27',	'2022-03-21 01:02:23'),
(65,	1,	'en',	'models/notifications',	'to.all_users',	'All users',	'2022-03-21 00:30:27',	'2022-03-21 01:02:50'),
(66,	1,	'en',	'models/notifications',	'fields.provider_id',	'Provider id',	'2022-03-21 00:30:27',	'2022-03-21 01:01:57'),
(67,	1,	'en',	'models/notifications',	'to.all_providers',	'All providers',	'2022-03-21 00:30:27',	'2022-03-21 01:02:44'),
(68,	1,	'en',	'models/notifications',	'fields.url',	'Url',	'2022-03-21 00:30:27',	'2022-03-21 01:02:14'),
(69,	1,	'en',	'models/notifications',	'fields.icon',	'Icon',	'2022-03-21 00:30:27',	'2022-03-21 01:01:53'),
(70,	0,	'en',	'msg',	'confirm',	'Confirm',	'2022-03-21 00:30:27',	'2022-03-21 01:37:29'),
(71,	0,	'en',	'msg',	'mark_as_unread',	'Mark as unread',	'2022-03-21 00:30:27',	'2022-03-21 01:37:29'),
(72,	0,	'en',	'msg',	'mark_as_read',	'Mark as read',	'2022-03-21 00:30:27',	'2022-03-21 01:37:29'),
(73,	0,	'en',	'msg',	'email',	'Email',	'2022-03-21 00:30:27',	'2022-03-21 01:37:29'),
(74,	0,	'en',	'msg',	'current_password',	'Current password',	'2022-03-21 00:30:27',	'2022-03-21 01:37:29'),
(75,	0,	'en',	'msg',	'new_password',	'New password',	'2022-03-21 00:30:27',	'2022-03-21 01:37:29'),
(76,	0,	'en',	'msg',	'confirm_password',	'Confirm password',	'2022-03-21 00:30:27',	'2022-03-21 01:37:29'),
(77,	0,	'en',	'msg',	'submit',	'Submit',	'2022-03-21 00:30:27',	'2022-03-21 01:37:29'),
(78,	1,	'en',	'models/providers',	'fields.name',	'Name',	'2022-03-21 00:30:27',	'2022-03-21 01:04:16'),
(79,	1,	'en',	'models/providers',	'fields.email',	'Email',	'2022-03-21 00:30:27',	'2022-03-21 01:04:10'),
(80,	1,	'en',	'models/providers',	'fields.phone',	'Phone',	'2022-03-21 00:30:27',	'2022-03-21 01:04:33'),
(81,	1,	'en',	'models/providers',	'fields.password',	'Password',	'2022-03-21 00:30:27',	'2022-03-21 01:04:29'),
(82,	1,	'en',	'models/providers',	'fields.image',	'Image',	'2022-03-21 00:30:27',	'2022-03-21 01:04:13'),
(84,	0,	'en',	'msg',	'browse',	'Browse',	'2022-03-21 00:30:27',	'2022-03-21 01:37:29'),
(85,	1,	'en',	'models/providers',	'fields.notes',	'Notes',	'2022-03-21 00:30:27',	'2022-03-21 01:04:22'),
(86,	1,	'en',	'models/providers',	'fields.approve',	'Approve',	'2022-03-21 00:30:27',	'2022-03-21 01:03:58'),
(87,	1,	'en',	'models/providers',	'fields.block',	'Block',	'2022-03-21 00:30:27',	'2022-03-21 01:04:02'),
(88,	1,	'en',	'models/providers',	'fields.block_notes',	'Block notes',	'2022-03-21 00:30:27',	'2022-03-21 01:04:07'),
(89,	1,	'en',	'models/users',	'fields.name',	'Name',	'2022-03-21 00:30:27',	'2022-03-21 01:05:20'),
(90,	1,	'en',	'models/users',	'fields.email',	'Email',	'2022-03-21 00:30:27',	'2022-03-21 01:05:13'),
(91,	1,	'en',	'models/users',	'fields.phone',	'Phone',	'2022-03-21 00:30:27',	'2022-03-21 01:05:32'),
(92,	1,	'en',	'models/users',	'fields.password',	'Password',	'2022-03-21 00:30:27',	'2022-03-21 01:05:28'),
(93,	1,	'en',	'models/users',	'fields.image',	'Image',	'2022-03-21 00:30:27',	'2022-03-21 01:05:17'),
(94,	0,	'en',	'msg',	'upload_file',	'Upload file',	'2022-03-21 00:30:27',	'2022-03-21 01:37:29'),
(95,	1,	'en',	'models/users',	'fields.notes',	'Notes',	'2022-03-21 00:30:27',	'2022-03-21 01:05:24'),
(96,	1,	'en',	'models/users',	'fields.block',	'Block',	'2022-03-21 00:30:27',	'2022-03-21 01:05:04'),
(97,	1,	'en',	'models/users',	'fields.block_notes',	'Block notes',	'2022-03-21 00:30:27',	'2022-03-21 01:05:09'),
(98,	0,	'en',	'auth',	'login.title',	'Login',	'2022-03-21 00:30:27',	'2022-03-21 01:30:39'),
(99,	0,	'en',	'auth',	'login.register_membership',	'Don\'t have an account ?',	'2022-03-21 00:30:27',	'2022-03-21 01:30:39'),
(100,	0,	'en',	'auth',	'registration.title',	'Register a new membership',	'2022-03-21 00:30:27',	'2022-03-21 01:30:39'),
(101,	0,	'en',	'auth',	'name',	'Name',	'2022-03-21 00:30:27',	'2022-03-21 01:30:39'),
(102,	0,	'en',	'auth',	'phone',	'Phone',	'2022-03-21 00:30:27',	'2022-03-21 01:30:39'),
(103,	0,	'en',	'auth',	'registration.i_agree',	'I agree to',	'2022-03-21 00:30:27',	'2022-03-21 01:30:39'),
(104,	0,	'en',	'auth',	'registration.have_membership',	'Already have an account?',	'2022-03-21 00:30:27',	'2022-03-21 01:30:39'),
(105,	1,	'en',	'msg',	'app_name_by_developer_name',	'Laravel by Acoad',	'2022-03-21 00:30:27',	'2022-04-25 21:34:34'),
(106,	0,	'en',	'msg',	'search_and_enter',	'Search & enter',	'2022-03-21 00:30:27',	'2022-03-21 01:37:29'),
(107,	0,	'en',	'auth',	'login.provider',	'Provider Login',	'2022-03-21 00:30:27',	'2022-03-21 01:30:39'),
(108,	0,	'en',	'auth',	'verify_email.notice',	'Before proceeding, please check your email for a verification link.If you did not receive the email,',	'2022-03-21 00:30:27',	'2022-03-21 01:30:39'),
(109,	0,	'en',	'auth',	'verify_email.another_req',	'click here to request another',	'2022-03-21 00:30:27',	'2022-03-21 01:30:39'),
(110,	0,	'en',	'_json',	'you_have_n_new_messages',	NULL,	'2022-03-21 00:30:27',	'2022-03-21 00:30:27'),
(111,	0,	'en',	'_json',	'Dashboard',	NULL,	'2022-03-21 00:30:27',	'2022-03-21 00:30:27'),
(112,	0,	'en',	'_json',	'Log Out',	NULL,	'2022-03-21 00:30:27',	'2022-03-21 00:30:27'),
(113,	0,	'en',	'_json',	'This is a secure area of the application. Please confirm your password before continuing.',	NULL,	'2022-03-21 00:30:27',	'2022-03-21 00:30:27'),
(114,	0,	'en',	'_json',	'Password',	NULL,	'2022-03-21 00:30:27',	'2022-03-21 00:30:27'),
(115,	0,	'en',	'_json',	'Confirm',	NULL,	'2022-03-21 00:30:27',	'2022-03-21 00:30:27'),
(116,	0,	'en',	'_json',	'Forgot your password? No problem. Just let us know your email address and we will email you a password reset link that will allow you to choose a new one.',	NULL,	'2022-03-21 00:30:27',	'2022-03-21 00:30:27'),
(117,	0,	'en',	'_json',	'Email',	NULL,	'2022-03-21 00:30:27',	'2022-03-21 00:30:27'),
(118,	0,	'en',	'_json',	'Email Password Reset Link',	NULL,	'2022-03-21 00:30:27',	'2022-03-21 00:30:27'),
(119,	0,	'en',	'_json',	'Confirm Password',	NULL,	'2022-03-21 00:30:27',	'2022-03-21 00:30:27'),
(120,	0,	'en',	'_json',	'Reset Password',	NULL,	'2022-03-21 00:30:27',	'2022-03-21 00:30:27'),
(121,	0,	'en',	'_json',	'A new verification link has been sent to the email address you provided during registration.',	NULL,	'2022-03-21 00:30:27',	'2022-03-21 00:30:27'),
(122,	0,	'en',	'_json',	'Resend Verification Email',	NULL,	'2022-03-21 00:30:27',	'2022-03-21 00:30:27'),
(123,	0,	'en',	'_json',	'Whoops! Something went wrong.',	NULL,	'2022-03-21 00:30:27',	'2022-03-21 00:30:27'),
(124,	0,	'en',	'auth',	'full_name',	'Full Name',	'2022-03-21 00:32:06',	'2022-03-21 01:30:39'),
(125,	0,	'en',	'auth',	'remember_me',	'Remember Me',	'2022-03-21 00:32:06',	'2022-03-21 01:30:39'),
(126,	0,	'en',	'auth',	'sign_in',	'Sign In',	'2022-03-21 00:32:06',	'2022-03-21 01:30:39'),
(127,	0,	'en',	'auth',	'sign_up',	'Sign up',	'2022-03-21 00:32:06',	'2022-03-21 01:30:39'),
(128,	0,	'en',	'auth',	'register',	'Register',	'2022-03-21 00:32:06',	'2022-03-21 01:30:39'),
(129,	0,	'en',	'auth',	'login.remember_me',	'Remember Me',	'2022-03-21 00:32:06',	'2022-03-21 01:30:39'),
(130,	0,	'en',	'auth',	'registration.terms',	'the terms',	'2022-03-21 00:32:06',	'2022-03-21 01:30:39'),
(131,	0,	'en',	'auth',	'forgot_password.send_pwd_reset',	'Send Password Reset Link',	'2022-03-21 00:32:06',	'2022-03-21 01:30:39'),
(132,	0,	'en',	'auth',	'reset_password.reset_pwd_btn',	'Reset Password',	'2022-03-21 00:32:06',	'2022-03-21 01:30:39'),
(133,	0,	'en',	'auth',	'confirm_passwords.forgot_your_password',	'Forgot Your Password?',	'2022-03-21 00:32:06',	'2022-03-21 01:30:39'),
(134,	0,	'en',	'auth',	'confirm_passwords.send_pwd_confirm',	'Confirm',	'2022-03-21 00:32:06',	'2022-03-21 01:30:39'),
(135,	0,	'en',	'auth',	'verify_phone.title',	'Verify Your Phone Number',	'2022-03-21 00:32:06',	'2022-03-21 01:30:39'),
(136,	0,	'en',	'auth',	'verify_phone.success',	'A fresh verification code has been sent to your phone number',	'2022-03-21 00:32:06',	'2022-03-21 01:30:39'),
(137,	0,	'en',	'auth',	'verify_phone.notice',	'Before proceeding, please check your phone for a verification code.If you did not receive the sms,',	'2022-03-21 00:32:06',	'2022-03-21 01:30:39'),
(138,	0,	'en',	'auth',	'verify_phone.another_req',	'click here to request another',	'2022-03-21 00:32:06',	'2022-03-21 01:30:39'),
(139,	1,	'en',	'auth',	'verify_phone.verify_success',	'You have successfully verified your phone number.',	'2022-03-21 00:32:06',	'2022-04-25 21:34:34'),
(140,	0,	'en',	'auth',	'verify_phone.error',	'The code is not valid, please click the link below to request another.',	'2022-03-21 00:32:06',	'2022-03-21 01:30:39'),
(141,	0,	'en',	'auth',	'verify_phone.error_sending',	'Some error ocuured while sending verification code.',	'2022-03-21 00:32:06',	'2022-03-21 01:30:39'),
(142,	0,	'en',	'auth',	'emails.password.reset_link',	'Click here to reset your password',	'2022-03-21 00:32:06',	'2022-03-21 01:30:39'),
(143,	0,	'en',	'auth',	'app.member_since',	'Member since',	'2022-03-21 00:32:06',	'2022-03-21 01:30:39'),
(144,	0,	'en',	'auth',	'app.messages',	'Messages',	'2022-03-21 00:32:06',	'2022-03-21 01:30:39'),
(145,	0,	'en',	'auth',	'app.settings',	'Settings',	'2022-03-21 00:32:06',	'2022-03-21 01:30:39'),
(146,	0,	'en',	'auth',	'app.lock_account',	'Lock Account',	'2022-03-21 00:32:06',	'2022-03-21 01:30:39'),
(147,	0,	'en',	'auth',	'app.profile',	'Profile',	'2022-03-21 00:32:06',	'2022-03-21 01:30:39'),
(148,	0,	'en',	'auth',	'app.online',	'Online',	'2022-03-21 00:32:06',	'2022-03-21 01:30:39'),
(149,	0,	'en',	'auth',	'app.search',	'Search',	'2022-03-21 00:32:06',	'2022-03-21 01:30:39'),
(150,	0,	'en',	'auth',	'app.create',	'Create',	'2022-03-21 00:32:06',	'2022-03-21 01:30:39'),
(151,	0,	'en',	'auth',	'app.export',	'Export',	'2022-03-21 00:32:06',	'2022-03-21 01:30:39'),
(152,	0,	'en',	'auth',	'app.print',	'Print',	'2022-03-21 00:32:06',	'2022-03-21 01:30:39'),
(153,	0,	'en',	'auth',	'app.reset',	'Reset',	'2022-03-21 00:32:06',	'2022-03-21 01:30:39'),
(154,	0,	'en',	'auth',	'app.reload',	'Reload',	'2022-03-21 00:32:06',	'2022-03-21 01:30:39'),
(155,	0,	'en',	'crud',	'cancel',	'Cancel',	'2022-03-21 00:32:06',	'2022-03-21 03:19:17'),
(156,	0,	'en',	'crud',	'save',	'Save',	'2022-03-21 00:32:06',	'2022-03-21 03:19:17'),
(157,	0,	'en',	'crud',	'detail',	'Detail',	'2022-03-21 00:32:06',	'2022-03-21 03:19:17'),
(158,	0,	'en',	'crud',	'back',	'Back',	'2022-03-21 00:32:06',	'2022-03-21 03:19:17'),
(159,	0,	'en',	'crud',	'action',	'Action',	'2022-03-21 00:32:06',	'2022-03-21 03:19:17'),
(160,	0,	'en',	'crud',	'id',	'Id',	'2022-03-21 00:32:06',	'2022-03-21 03:19:17'),
(161,	0,	'en',	'crud',	'created_at',	'Created At',	'2022-03-21 00:32:06',	'2022-03-21 03:19:17'),
(162,	0,	'en',	'crud',	'updated_at',	'Updated At',	'2022-03-21 00:32:06',	'2022-03-21 03:19:17'),
(163,	0,	'en',	'crud',	'deleted_at',	'Deleted At',	'2022-03-21 00:32:06',	'2022-03-21 03:19:17'),
(164,	0,	'en',	'crud',	'are_you_sure',	'Are you sure?',	'2022-03-21 00:32:06',	'2022-03-21 03:19:17'),
(165,	0,	'en',	'msg',	'home',	'Home',	'2022-03-21 00:32:06',	'2022-03-21 01:37:29'),
(166,	0,	'en',	'msg',	'notifications',	'Notifications',	'2022-03-21 00:32:06',	'2022-03-21 01:37:29'),
(167,	0,	'en',	'msg',	'check_all_notifications',	'Check all notifications',	'2022-03-21 00:32:06',	'2022-03-21 01:37:29'),
(168,	0,	'en',	'msg',	'you_have_n_new_messages',	'{0} You have no new messages|{1} You have :n new message|[2,*] You have :n new messages',	'2022-03-21 00:32:06',	'2022-03-21 01:37:29'),
(169,	0,	'en',	'msg',	'see_all_messages',	'See all messages',	'2022-03-21 00:32:06',	'2022-03-21 01:37:29'),
(170,	0,	'en',	'msg',	'created_successfully',	':name created successfully',	'2022-03-21 00:32:06',	'2022-03-21 01:37:29'),
(171,	0,	'en',	'msg',	'name',	'Name',	'2022-03-21 00:32:06',	'2022-03-21 01:37:29'),
(172,	0,	'en',	'msg',	'phone',	'Phone',	'2022-03-21 00:32:06',	'2022-03-21 01:37:29'),
(173,	0,	'en',	'msg',	'image',	'Image',	'2022-03-21 00:32:06',	'2022-03-21 01:37:29'),
(174,	0,	'en',	'msg',	'close',	'Close',	'2022-03-21 00:32:06',	'2022-03-21 01:37:29'),
(175,	0,	'en',	'pagination',	'previous',	'&laquo; Previous',	'2022-03-21 00:32:06',	'2022-03-21 01:30:39'),
(176,	0,	'en',	'pagination',	'next',	'Next &raquo;',	'2022-03-21 00:32:06',	'2022-03-21 01:30:39'),
(177,	0,	'en',	'passwords',	'reset',	'Your password has been reset!',	'2022-03-21 00:32:06',	'2022-03-21 01:30:39'),
(178,	0,	'en',	'passwords',	'sent',	'We have emailed your password reset link!',	'2022-03-21 00:32:06',	'2022-03-21 01:30:39'),
(179,	0,	'en',	'passwords',	'throttled',	'Please wait before retrying.',	'2022-03-21 00:32:06',	'2022-03-21 01:30:39'),
(180,	0,	'en',	'passwords',	'token',	'This password reset token is invalid.',	'2022-03-21 00:32:06',	'2022-03-21 01:30:39'),
(181,	0,	'en',	'passwords',	'user',	'We can\'t find a user with that email address.',	'2022-03-21 00:32:06',	'2022-03-21 01:30:39'),
(182,	0,	'en',	'validation',	'accepted',	'The :attribute must be accepted.',	'2022-03-21 00:32:06',	'2022-03-21 01:30:39'),
(183,	0,	'en',	'validation',	'accepted_if',	'The :attribute must be accepted when :other is :value.',	'2022-03-21 00:32:06',	'2022-03-21 01:30:39'),
(184,	0,	'en',	'validation',	'active_url',	'The :attribute is not a valid URL.',	'2022-03-21 00:32:06',	'2022-03-21 01:30:39'),
(185,	0,	'en',	'validation',	'after',	'The :attribute must be a date after :date.',	'2022-03-21 00:32:06',	'2022-03-21 01:30:39'),
(186,	0,	'en',	'validation',	'after_or_equal',	'The :attribute must be a date after or equal to :date.',	'2022-03-21 00:32:06',	'2022-03-21 01:30:39'),
(187,	0,	'en',	'validation',	'alpha',	'The :attribute must only contain letters.',	'2022-03-21 00:32:06',	'2022-03-21 01:30:39'),
(188,	0,	'en',	'validation',	'alpha_dash',	'The :attribute must only contain letters, numbers, dashes and underscores.',	'2022-03-21 00:32:06',	'2022-03-21 01:30:39'),
(189,	0,	'en',	'validation',	'alpha_num',	'The :attribute must only contain letters and numbers.',	'2022-03-21 00:32:06',	'2022-03-21 01:30:39'),
(190,	0,	'en',	'validation',	'array',	'The :attribute must be an array.',	'2022-03-21 00:32:06',	'2022-03-21 01:30:39'),
(191,	0,	'en',	'validation',	'before',	'The :attribute must be a date before :date.',	'2022-03-21 00:32:06',	'2022-03-21 01:30:39'),
(192,	0,	'en',	'validation',	'before_or_equal',	'The :attribute must be a date before or equal to :date.',	'2022-03-21 00:32:06',	'2022-03-21 01:30:39'),
(193,	0,	'en',	'validation',	'between.numeric',	'The :attribute must be between :min and :max.',	'2022-03-21 00:32:06',	'2022-03-21 01:30:39'),
(194,	0,	'en',	'validation',	'between.file',	'The :attribute must be between :min and :max kilobytes.',	'2022-03-21 00:32:06',	'2022-03-21 01:30:39'),
(195,	0,	'en',	'validation',	'between.string',	'The :attribute must be between :min and :max characters.',	'2022-03-21 00:32:06',	'2022-03-21 01:30:39'),
(196,	0,	'en',	'validation',	'between.array',	'The :attribute must have between :min and :max items.',	'2022-03-21 00:32:06',	'2022-03-21 01:30:39'),
(197,	0,	'en',	'validation',	'boolean',	'The :attribute field must be true or false.',	'2022-03-21 00:32:06',	'2022-03-21 01:30:39'),
(198,	0,	'en',	'validation',	'confirmed',	'The :attribute confirmation does not match.',	'2022-03-21 00:32:06',	'2022-03-21 01:30:39'),
(199,	0,	'en',	'validation',	'current_password',	'The password is incorrect.',	'2022-03-21 00:32:06',	'2022-03-21 01:30:39'),
(200,	0,	'en',	'validation',	'date',	'The :attribute is not a valid date.',	'2022-03-21 00:32:06',	'2022-03-21 01:30:39'),
(201,	0,	'en',	'validation',	'date_equals',	'The :attribute must be a date equal to :date.',	'2022-03-21 00:32:06',	'2022-03-21 01:30:39'),
(202,	0,	'en',	'validation',	'date_format',	'The :attribute does not match the format :format.',	'2022-03-21 00:32:06',	'2022-03-21 01:30:39'),
(203,	0,	'en',	'validation',	'declined',	'The :attribute must be declined.',	'2022-03-21 00:32:06',	'2022-03-21 01:30:39'),
(204,	0,	'en',	'validation',	'declined_if',	'The :attribute must be declined when :other is :value.',	'2022-03-21 00:32:06',	'2022-03-21 01:30:39'),
(205,	0,	'en',	'validation',	'different',	'The :attribute and :other must be different.',	'2022-03-21 00:32:06',	'2022-03-21 01:30:39'),
(206,	0,	'en',	'validation',	'digits',	'The :attribute must be :digits digits.',	'2022-03-21 00:32:06',	'2022-03-21 01:30:39'),
(207,	0,	'en',	'validation',	'digits_between',	'The :attribute must be between :min and :max digits.',	'2022-03-21 00:32:06',	'2022-03-21 01:30:39'),
(208,	0,	'en',	'validation',	'dimensions',	'The :attribute has invalid image dimensions.',	'2022-03-21 00:32:06',	'2022-03-21 01:30:39'),
(209,	0,	'en',	'validation',	'distinct',	'The :attribute field has a duplicate value.',	'2022-03-21 00:32:06',	'2022-03-21 01:30:39'),
(210,	0,	'en',	'validation',	'email',	'The :attribute must be a valid email address.',	'2022-03-21 00:32:06',	'2022-03-21 01:30:39'),
(211,	0,	'en',	'validation',	'ends_with',	'The :attribute must end with one of the following: :values.',	'2022-03-21 00:32:06',	'2022-03-21 01:30:39'),
(212,	0,	'en',	'validation',	'enum',	'The selected :attribute is invalid.',	'2022-03-21 00:32:06',	'2022-03-21 01:30:39'),
(213,	0,	'en',	'validation',	'exists',	'The selected :attribute is invalid.',	'2022-03-21 00:32:06',	'2022-03-21 01:30:39'),
(214,	0,	'en',	'validation',	'file',	'The :attribute must be a file.',	'2022-03-21 00:32:06',	'2022-03-21 01:30:39'),
(215,	0,	'en',	'validation',	'filled',	'The :attribute field must have a value.',	'2022-03-21 00:32:06',	'2022-03-21 01:30:39'),
(216,	0,	'en',	'validation',	'gt.numeric',	'The :attribute must be greater than :value.',	'2022-03-21 00:32:06',	'2022-03-21 01:30:39'),
(217,	0,	'en',	'validation',	'gt.file',	'The :attribute must be greater than :value kilobytes.',	'2022-03-21 00:32:06',	'2022-03-21 01:30:39'),
(218,	0,	'en',	'validation',	'gt.string',	'The :attribute must be greater than :value characters.',	'2022-03-21 00:32:06',	'2022-03-21 01:30:39'),
(219,	0,	'en',	'validation',	'gt.array',	'The :attribute must have more than :value items.',	'2022-03-21 00:32:06',	'2022-03-21 01:30:39'),
(220,	0,	'en',	'validation',	'gte.numeric',	'The :attribute must be greater than or equal to :value.',	'2022-03-21 00:32:06',	'2022-03-21 01:30:39'),
(221,	0,	'en',	'validation',	'gte.file',	'The :attribute must be greater than or equal to :value kilobytes.',	'2022-03-21 00:32:06',	'2022-03-21 01:30:39'),
(222,	0,	'en',	'validation',	'gte.string',	'The :attribute must be greater than or equal to :value characters.',	'2022-03-21 00:32:06',	'2022-03-21 01:30:39'),
(223,	0,	'en',	'validation',	'gte.array',	'The :attribute must have :value items or more.',	'2022-03-21 00:32:06',	'2022-03-21 01:30:39'),
(224,	0,	'en',	'validation',	'image',	'The :attribute must be an image.',	'2022-03-21 00:32:06',	'2022-03-21 01:30:39'),
(225,	0,	'en',	'validation',	'in',	'The selected :attribute is invalid.',	'2022-03-21 00:32:06',	'2022-03-21 01:30:39'),
(226,	0,	'en',	'validation',	'in_array',	'The :attribute field does not exist in :other.',	'2022-03-21 00:32:06',	'2022-03-21 01:30:39'),
(227,	0,	'en',	'validation',	'integer',	'The :attribute must be an integer.',	'2022-03-21 00:32:06',	'2022-03-21 01:30:39'),
(228,	0,	'en',	'validation',	'ip',	'The :attribute must be a valid IP address.',	'2022-03-21 00:32:06',	'2022-03-21 01:30:39'),
(229,	0,	'en',	'validation',	'ipv4',	'The :attribute must be a valid IPv4 address.',	'2022-03-21 00:32:06',	'2022-03-21 01:30:39'),
(230,	0,	'en',	'validation',	'ipv6',	'The :attribute must be a valid IPv6 address.',	'2022-03-21 00:32:06',	'2022-03-21 01:30:39'),
(231,	0,	'en',	'validation',	'json',	'The :attribute must be a valid JSON string.',	'2022-03-21 00:32:06',	'2022-03-21 01:30:39'),
(232,	0,	'en',	'validation',	'lt.numeric',	'The :attribute must be less than :value.',	'2022-03-21 00:32:06',	'2022-03-21 01:30:39'),
(233,	0,	'en',	'validation',	'lt.file',	'The :attribute must be less than :value kilobytes.',	'2022-03-21 00:32:06',	'2022-03-21 01:30:39'),
(234,	0,	'en',	'validation',	'lt.string',	'The :attribute must be less than :value characters.',	'2022-03-21 00:32:06',	'2022-03-21 01:30:39'),
(235,	0,	'en',	'validation',	'lt.array',	'The :attribute must have less than :value items.',	'2022-03-21 00:32:06',	'2022-03-21 01:30:39'),
(236,	0,	'en',	'validation',	'lte.numeric',	'The :attribute must be less than or equal to :value.',	'2022-03-21 00:32:06',	'2022-03-21 01:30:39'),
(237,	0,	'en',	'validation',	'lte.file',	'The :attribute must be less than or equal to :value kilobytes.',	'2022-03-21 00:32:06',	'2022-03-21 01:30:39'),
(238,	0,	'en',	'validation',	'lte.string',	'The :attribute must be less than or equal to :value characters.',	'2022-03-21 00:32:06',	'2022-03-21 01:30:39'),
(239,	0,	'en',	'validation',	'lte.array',	'The :attribute must not have more than :value items.',	'2022-03-21 00:32:06',	'2022-03-21 01:30:39'),
(240,	0,	'en',	'validation',	'mac_address',	'The :attribute must be a valid MAC address.',	'2022-03-21 00:32:06',	'2022-03-21 01:30:39'),
(241,	0,	'en',	'validation',	'max.numeric',	'The :attribute must not be greater than :max.',	'2022-03-21 00:32:06',	'2022-03-21 01:30:39'),
(242,	0,	'en',	'validation',	'max.file',	'The :attribute must not be greater than :max kilobytes.',	'2022-03-21 00:32:06',	'2022-03-21 01:30:39'),
(243,	0,	'en',	'validation',	'max.string',	'The :attribute must not be greater than :max characters.',	'2022-03-21 00:32:06',	'2022-03-21 01:30:39'),
(244,	0,	'en',	'validation',	'max.array',	'The :attribute must not have more than :max items.',	'2022-03-21 00:32:06',	'2022-03-21 01:30:39'),
(245,	0,	'en',	'validation',	'mimes',	'The :attribute must be a file of type: :values.',	'2022-03-21 00:32:06',	'2022-03-21 01:30:39'),
(246,	0,	'en',	'validation',	'mimetypes',	'The :attribute must be a file of type: :values.',	'2022-03-21 00:32:06',	'2022-03-21 01:30:39'),
(247,	0,	'en',	'validation',	'min.numeric',	'The :attribute must be at least :min.',	'2022-03-21 00:32:06',	'2022-03-21 01:30:39'),
(248,	0,	'en',	'validation',	'min.file',	'The :attribute must be at least :min kilobytes.',	'2022-03-21 00:32:06',	'2022-03-21 01:30:39'),
(249,	0,	'en',	'validation',	'min.string',	'The :attribute must be at least :min characters.',	'2022-03-21 00:32:06',	'2022-03-21 01:30:39'),
(250,	0,	'en',	'validation',	'min.array',	'The :attribute must have at least :min items.',	'2022-03-21 00:32:06',	'2022-03-21 01:30:39'),
(251,	0,	'en',	'validation',	'multiple_of',	'The :attribute must be a multiple of :value.',	'2022-03-21 00:32:06',	'2022-03-21 01:30:39'),
(252,	0,	'en',	'validation',	'not_in',	'The selected :attribute is invalid.',	'2022-03-21 00:32:06',	'2022-03-21 01:30:39'),
(253,	0,	'en',	'validation',	'not_regex',	'The :attribute format is invalid.',	'2022-03-21 00:32:06',	'2022-03-21 01:30:39'),
(254,	0,	'en',	'validation',	'numeric',	'The :attribute must be a number.',	'2022-03-21 00:32:06',	'2022-03-21 01:30:39'),
(255,	0,	'en',	'validation',	'password',	'The password is incorrect.',	'2022-03-21 00:32:06',	'2022-03-21 01:30:39'),
(256,	0,	'en',	'validation',	'present',	'The :attribute field must be present.',	'2022-03-21 00:32:06',	'2022-03-21 01:30:39'),
(257,	0,	'en',	'validation',	'prohibited',	'The :attribute field is prohibited.',	'2022-03-21 00:32:06',	'2022-03-21 01:30:39'),
(258,	0,	'en',	'validation',	'prohibited_if',	'The :attribute field is prohibited when :other is :value.',	'2022-03-21 00:32:06',	'2022-03-21 01:30:39'),
(259,	0,	'en',	'validation',	'prohibited_unless',	'The :attribute field is prohibited unless :other is in :values.',	'2022-03-21 00:32:06',	'2022-03-21 01:30:39'),
(260,	0,	'en',	'validation',	'prohibits',	'The :attribute field prohibits :other from being present.',	'2022-03-21 00:32:06',	'2022-03-21 01:30:39'),
(261,	0,	'en',	'validation',	'regex',	'The :attribute format is invalid.',	'2022-03-21 00:32:06',	'2022-03-21 01:30:39'),
(262,	0,	'en',	'validation',	'required',	'The :attribute field is required.',	'2022-03-21 00:32:06',	'2022-03-21 01:30:39'),
(263,	0,	'en',	'validation',	'required_array_keys',	'The :attribute field must contain entries for: :values.',	'2022-03-21 00:32:06',	'2022-03-21 01:30:39'),
(264,	0,	'en',	'validation',	'required_if',	'The :attribute field is required when :other is :value.',	'2022-03-21 00:32:06',	'2022-03-21 01:30:39'),
(265,	0,	'en',	'validation',	'required_unless',	'The :attribute field is required unless :other is in :values.',	'2022-03-21 00:32:06',	'2022-03-21 01:30:39'),
(266,	0,	'en',	'validation',	'required_with',	'The :attribute field is required when :values is present.',	'2022-03-21 00:32:06',	'2022-03-21 01:30:39'),
(267,	0,	'en',	'validation',	'required_with_all',	'The :attribute field is required when :values are present.',	'2022-03-21 00:32:06',	'2022-03-21 01:30:39'),
(268,	0,	'en',	'validation',	'required_without',	'The :attribute field is required when :values is not present.',	'2022-03-21 00:32:06',	'2022-03-21 01:30:39'),
(269,	0,	'en',	'validation',	'required_without_all',	'The :attribute field is required when none of :values are present.',	'2022-03-21 00:32:06',	'2022-03-21 01:30:39'),
(270,	0,	'en',	'validation',	'same',	'The :attribute and :other must match.',	'2022-03-21 00:32:06',	'2022-03-21 01:30:39'),
(271,	0,	'en',	'validation',	'size.numeric',	'The :attribute must be :size.',	'2022-03-21 00:32:06',	'2022-03-21 01:30:39'),
(272,	0,	'en',	'validation',	'size.file',	'The :attribute must be :size kilobytes.',	'2022-03-21 00:32:06',	'2022-03-21 01:30:39'),
(273,	0,	'en',	'validation',	'size.string',	'The :attribute must be :size characters.',	'2022-03-21 00:32:06',	'2022-03-21 01:30:39'),
(274,	0,	'en',	'validation',	'size.array',	'The :attribute must contain :size items.',	'2022-03-21 00:32:06',	'2022-03-21 01:30:39'),
(275,	0,	'en',	'validation',	'starts_with',	'The :attribute must start with one of the following: :values.',	'2022-03-21 00:32:06',	'2022-03-21 01:30:39'),
(276,	0,	'en',	'validation',	'string',	'The :attribute must be a string.',	'2022-03-21 00:32:06',	'2022-03-21 01:30:39'),
(277,	0,	'en',	'validation',	'timezone',	'The :attribute must be a valid timezone.',	'2022-03-21 00:32:06',	'2022-03-21 01:30:39'),
(278,	0,	'en',	'validation',	'unique',	'The :attribute has already been taken.',	'2022-03-21 00:32:06',	'2022-03-21 01:30:39'),
(279,	0,	'en',	'validation',	'uploaded',	'The :attribute failed to upload.',	'2022-03-21 00:32:06',	'2022-03-21 01:30:39'),
(280,	0,	'en',	'validation',	'url',	'The :attribute must be a valid URL.',	'2022-03-21 00:32:06',	'2022-03-21 01:30:39'),
(281,	0,	'en',	'validation',	'uuid',	'The :attribute must be a valid UUID.',	'2022-03-21 00:32:06',	'2022-03-21 01:30:39'),
(282,	0,	'en',	'validation',	'custom.attribute-name.rule-name',	'custom-message',	'2022-03-21 00:32:06',	'2022-03-21 01:30:39'),
(283,	1,	'en',	'models/notifications',	'types.info',	'Info',	'2022-03-21 01:03:21',	'2022-03-21 01:03:32'),
(284,	1,	'en',	'models/notifications',	'types.success',	'Success',	'2022-03-21 01:03:21',	'2022-03-21 01:03:37'),
(285,	1,	'en',	'models/notifications',	'types.warning',	'Warning',	'2022-03-21 01:03:21',	'2022-03-21 01:03:41'),
(286,	1,	'en',	'models/notifications',	'types.danger',	'Danger',	'2022-03-21 01:03:21',	'2022-03-21 01:03:29'),
(287,	1,	'ar',	'msg',	'app_name',	'لارافيل',	'2022-03-21 01:28:34',	'2022-04-25 21:34:33'),
(288,	0,	'en',	'locales',	'en',	'English',	'2022-03-21 01:29:47',	'2022-03-21 01:30:39'),
(289,	0,	'en',	'locales',	'ar',	'العربية',	'2022-03-21 01:29:55',	'2022-03-21 01:30:39'),
(290,	0,	'ar',	'locales',	'ar',	'العربية',	'2022-03-21 01:30:05',	'2022-03-21 01:30:39'),
(291,	0,	'ar',	'locales',	'en',	'English',	'2022-03-21 01:30:11',	'2022-03-21 01:30:39'),
(292,	1,	'en',	'models/contacts',	'plural',	'Contact messages',	'2022-03-21 02:31:00',	'2022-03-21 02:31:47'),
(293,	1,	'en',	'models/contacts',	'singular',	'Contact message',	'2022-03-21 02:31:00',	'2022-03-21 02:31:59'),
(294,	1,	'en',	'models/contacts',	'fields.name',	'Name',	'2022-03-21 02:31:00',	'2022-03-21 02:31:17'),
(295,	1,	'en',	'models/contacts',	'fields.email',	'Email',	'2022-03-21 02:31:00',	'2022-03-21 02:31:10'),
(296,	1,	'en',	'models/contacts',	'fields.type',	'Type',	'2022-03-21 02:31:00',	'2022-03-21 02:31:38'),
(297,	1,	'en',	'models/contacts',	'types.contact',	'Contact',	'2022-03-21 02:31:00',	'2022-03-21 02:32:07'),
(298,	1,	'en',	'models/contacts',	'types.complaint',	'Complaint',	'2022-03-21 02:31:00',	'2022-03-21 02:32:03'),
(299,	1,	'en',	'models/contacts',	'types.enquiry',	'Enquiry',	'2022-03-21 02:31:00',	'2022-03-21 02:32:11'),
(300,	1,	'en',	'models/contacts',	'types.suggestion',	'Suggestion',	'2022-03-21 02:31:00',	'2022-03-21 02:32:19'),
(301,	1,	'en',	'models/contacts',	'types.help',	'Help',	'2022-03-21 02:31:00',	'2022-03-21 02:32:15'),
(302,	1,	'en',	'models/contacts',	'fields.subject',	'Subject',	'2022-03-21 02:31:00',	'2022-03-21 02:31:34'),
(303,	1,	'en',	'models/contacts',	'fields.message',	'Message',	'2022-03-21 02:31:00',	'2022-03-21 02:31:14'),
(304,	1,	'en',	'models/contacts',	'fields.read_at',	'Read at',	'2022-03-21 02:31:00',	'2022-03-21 02:31:22'),
(305,	1,	'en',	'models/contacts',	'fields.reply_message',	'Reply message',	'2022-03-21 02:31:00',	'2022-03-21 02:31:29'),
(306,	0,	'en',	'crud',	'reply',	'Reply',	'2022-03-21 03:19:01',	'2022-03-21 03:19:17'),
(307,	1,	'ar',	'models/admins',	'fields.active',	'نشط',	'2022-04-19 14:01:05',	'2022-04-19 14:01:05'),
(308,	1,	'ar',	'models/admins',	'fields.email',	'البريد الالكتروني',	'2022-04-19 14:01:21',	'2022-04-19 14:01:21'),
(309,	1,	'ar',	'models/admins',	'fields.name',	'الاسم',	'2022-04-19 14:01:27',	'2022-04-19 14:01:27'),
(310,	1,	'ar',	'models/admins',	'fields.password',	'كلمة المرور',	'2022-04-19 14:01:34',	'2022-04-19 14:01:34'),
(311,	1,	'ar',	'models/admins',	'fields.status',	'الحالة',	'2022-04-19 14:01:40',	'2022-04-19 14:01:40'),
(312,	1,	'ar',	'models/admins',	'plural',	'جمع',	'2022-04-19 14:01:59',	'2022-04-19 14:01:59'),
(313,	1,	'ar',	'models/admins',	'singular',	'مفرد',	'2022-04-19 14:02:07',	'2022-04-19 14:02:07'),
(314,	0,	'ar',	'messages',	'deleted',	'حذف',	'2022-04-19 14:02:39',	'2022-04-19 14:04:56'),
(315,	0,	'ar',	'messages',	'not_found',	'غير موجود',	'2022-04-19 14:02:49',	'2022-04-19 14:04:56'),
(316,	1,	'ar',	'messages',	'retrieved',	'استرجاع',	'2022-04-19 14:06:02',	'2022-04-19 14:06:02'),
(317,	1,	'ar',	'messages',	'saved',	'حفظ',	'2022-04-19 14:06:18',	'2022-04-19 14:06:18'),
(318,	1,	'ar',	'messages',	'updated',	'محدث',	'2022-04-19 14:06:33',	'2022-04-19 14:06:33'),
(319,	1,	'ar',	'models/contacts',	'fields.email',	'البريد الإلكتروني',	'2022-04-19 14:07:10',	'2022-04-19 14:07:10'),
(320,	1,	'ar',	'models/contacts',	'fields.message',	'الرسائل',	'2022-04-19 14:07:18',	'2022-04-19 14:07:18'),
(321,	1,	'ar',	'models/contacts',	'fields.name',	'الاسم',	'2022-04-19 14:07:24',	'2022-04-19 14:07:24'),
(322,	1,	'ar',	'models/contacts',	'fields.read_at',	'قرأ في',	'2022-04-19 14:07:48',	'2022-04-19 14:07:48'),
(323,	1,	'ar',	'models/contacts',	'fields.reply_message',	'رسالة الرد',	'2022-04-19 14:08:03',	'2022-04-19 14:08:03'),
(324,	1,	'ar',	'models/contacts',	'fields.subject',	'الموضوع',	'2022-04-19 14:08:11',	'2022-04-19 14:08:11'),
(325,	1,	'ar',	'models/contacts',	'fields.type',	'النوع',	'2022-04-19 14:08:17',	'2022-04-19 14:08:17'),
(326,	1,	'ar',	'models/contacts',	'plural',	'رسائل الاتصال',	'2022-04-19 14:08:22',	'2022-04-19 14:41:20'),
(327,	1,	'ar',	'models/contacts',	'singular',	'رسالة الاتصال',	'2022-04-19 14:08:29',	'2022-04-19 14:41:40'),
(328,	1,	'ar',	'models/contacts',	'types.complaint',	'شكوى',	'2022-04-19 14:09:22',	'2022-04-19 14:09:22'),
(329,	1,	'ar',	'models/contacts',	'types.contact',	'اتصل',	'2022-04-19 14:19:50',	'2022-04-19 14:19:50'),
(330,	1,	'ar',	'models/contacts',	'types.enquiry',	'تحقيق',	'2022-04-19 14:20:04',	'2022-04-19 14:20:04'),
(331,	1,	'ar',	'models/contacts',	'types.help',	'مساعدة',	'2022-04-19 14:20:14',	'2022-04-19 14:20:14'),
(332,	1,	'ar',	'models/contacts',	'types.suggestion',	'اقتراح',	'2022-04-19 14:20:24',	'2022-04-19 14:20:24'),
(333,	0,	'ar',	'msg',	'active',	'نشط',	'2022-04-19 14:21:45',	'2022-04-19 15:59:39'),
(334,	0,	'ar',	'msg',	'app_users',	'المستخدين',	'2022-04-19 14:22:12',	'2022-04-19 15:59:39'),
(335,	0,	'ar',	'msg',	'blocked',	'محظور',	'2022-04-19 14:22:41',	'2022-04-19 15:59:39'),
(336,	0,	'ar',	'msg',	'browse',	'تصفح',	'2022-04-19 14:22:54',	'2022-04-19 15:59:39'),
(337,	0,	'ar',	'msg',	'check_all_notifications',	'تحقق من جميع الاشعارات',	'2022-04-19 14:23:14',	'2022-04-19 15:59:39'),
(338,	0,	'ar',	'msg',	'close',	'اغلاق',	'2022-04-19 14:26:20',	'2022-04-19 15:59:39'),
(339,	0,	'ar',	'msg',	'confirm',	'تاكيد',	'2022-04-19 14:26:26',	'2022-04-19 15:59:39'),
(340,	0,	'ar',	'msg',	'confirm_password',	'تاكيد كلمة المرور',	'2022-04-19 14:26:36',	'2022-04-19 15:59:39'),
(341,	0,	'ar',	'msg',	'created_successfully',	'تم إنشاؤه بنجاح',	'2022-04-19 14:26:49',	'2022-04-19 15:59:39'),
(342,	0,	'ar',	'msg',	'current_password',	'كلمة المرور الحالية',	'2022-04-19 14:26:57',	'2022-04-19 15:59:39'),
(343,	0,	'ar',	'msg',	'dashboard',	'لوحة التحكم',	'2022-04-19 14:27:32',	'2022-04-19 15:59:39'),
(344,	0,	'ar',	'msg',	'email',	'البريد الإلكتروني',	'2022-04-19 14:27:44',	'2022-04-19 15:59:39'),
(345,	0,	'ar',	'msg',	'home',	'الرئيسية',	'2022-04-19 14:27:54',	'2022-04-19 15:59:39'),
(346,	0,	'ar',	'msg',	'image',	'صورة',	'2022-04-19 14:28:03',	'2022-04-19 15:59:39'),
(347,	0,	'ar',	'msg',	'inactive',	'غير نشط',	'2022-04-19 14:28:13',	'2022-04-19 15:59:39'),
(348,	0,	'ar',	'msg',	'mark_as_read',	'ضع علامة مقروء',	'2022-04-19 14:28:24',	'2022-04-19 15:59:39'),
(349,	0,	'ar',	'msg',	'mark_as_unread',	'وضع علامة كغير مقروءة',	'2022-04-19 14:28:49',	'2022-04-19 15:59:39'),
(350,	0,	'ar',	'msg',	'messages',	'رسائل',	'2022-04-19 14:29:09',	'2022-04-19 15:59:39'),
(351,	0,	'ar',	'msg',	'name',	'اسم',	'2022-04-19 14:29:20',	'2022-04-19 15:59:39'),
(352,	0,	'ar',	'msg',	'new_password',	'كلمة المرور الجديدة',	'2022-04-19 14:29:29',	'2022-04-19 15:59:39'),
(353,	0,	'ar',	'msg',	'notifications',	'إشعارات',	'2022-04-19 14:29:44',	'2022-04-19 15:59:39'),
(354,	0,	'ar',	'msg',	'password',	'كلمه السر',	'2022-04-19 14:29:54',	'2022-04-19 15:59:39'),
(355,	0,	'ar',	'msg',	'phone',	'هاتف',	'2022-04-19 14:30:07',	'2022-04-19 15:59:39'),
(356,	0,	'ar',	'msg',	'profile',	'الملف الشخصي',	'2022-04-19 14:30:16',	'2022-04-19 15:59:39'),
(357,	0,	'ar',	'msg',	'search_and_enter',	'البحث والادخال',	'2022-04-19 14:30:29',	'2022-04-19 15:59:39'),
(358,	0,	'ar',	'msg',	'see_all_messages',	'مشاهدة كل الرسائل',	'2022-04-19 14:30:55',	'2022-04-19 15:59:39'),
(359,	0,	'ar',	'msg',	'settings',	'إعدادات',	'2022-04-19 14:31:05',	'2022-04-19 15:59:39'),
(360,	0,	'ar',	'msg',	'submit',	'إرسال',	'2022-04-19 14:31:15',	'2022-04-19 15:59:39'),
(361,	0,	'ar',	'msg',	'translation',	'ترجمة',	'2022-04-19 14:32:10',	'2022-04-19 15:59:39'),
(362,	0,	'ar',	'msg',	'updated_successfully',	'تم التحديث بنجاح',	'2022-04-19 14:32:27',	'2022-04-19 15:59:39'),
(363,	0,	'ar',	'msg',	'upload_file',	'رفع ملف',	'2022-04-19 14:32:39',	'2022-04-19 15:59:39'),
(364,	0,	'ar',	'msg',	'you_have_n_new_messages',	'{0} ليس لديك رسائل جديدة | {1} لديك:n رسالة جديدة | [2 ، *] لديك:n رسائل جديدة',	'2022-04-19 14:33:38',	'2022-04-19 15:59:39'),
(365,	1,	'ar',	'models/notifications',	'fields.admin_id',	'معرف الادمن',	'2022-04-19 14:34:21',	'2022-04-19 14:35:18'),
(366,	1,	'ar',	'models/notifications',	'fields.icon',	'أيقونة',	'2022-04-19 14:34:41',	'2022-04-19 14:34:41'),
(367,	1,	'ar',	'models/notifications',	'fields.provider_id',	'معرف المزود',	'2022-04-19 14:35:00',	'2022-04-19 14:35:00'),
(368,	1,	'ar',	'models/notifications',	'fields.text',	'نص',	'2022-04-19 14:35:31',	'2022-04-19 14:35:31'),
(369,	1,	'ar',	'models/notifications',	'fields.title',	'العنوان',	'2022-04-19 14:35:41',	'2022-04-19 14:35:41'),
(370,	1,	'ar',	'models/notifications',	'fields.to',	'الي',	'2022-04-19 14:35:47',	'2022-04-19 14:35:47'),
(371,	1,	'ar',	'models/notifications',	'fields.type',	'نوع',	'2022-04-19 14:35:54',	'2022-04-19 14:35:54'),
(372,	1,	'ar',	'models/notifications',	'fields.url',	'رابط',	'2022-04-19 14:36:01',	'2022-04-19 14:36:01'),
(373,	1,	'ar',	'models/notifications',	'fields.user_id',	'معرف المستخدم',	'2022-04-19 14:36:12',	'2022-04-19 14:36:12'),
(374,	1,	'ar',	'models/notifications',	'plural',	'اشعارات',	'2022-04-19 14:36:30',	'2022-04-19 14:36:30'),
(375,	1,	'ar',	'models/notifications',	'singular',	'اشعار',	'2022-04-19 14:36:36',	'2022-04-19 14:36:36'),
(376,	1,	'ar',	'models/notifications',	'to.all_admins',	'جميع الادمنز',	'2022-04-19 14:37:01',	'2022-04-19 14:37:01'),
(377,	1,	'ar',	'models/notifications',	'to.all_providers',	'جميع المزودين',	'2022-04-19 14:37:11',	'2022-04-19 14:37:11'),
(378,	1,	'ar',	'models/notifications',	'to.all_users',	'جميع المستخدمين',	'2022-04-19 14:37:19',	'2022-04-19 14:37:19'),
(379,	1,	'ar',	'models/notifications',	'types.danger',	'danger',	'2022-04-19 14:37:27',	'2022-04-19 14:37:49'),
(380,	1,	'ar',	'models/notifications',	'types.info',	'info',	'2022-04-19 14:37:59',	'2022-04-19 14:37:59'),
(381,	1,	'ar',	'models/notifications',	'types.primary',	'primary',	'2022-04-19 14:38:09',	'2022-04-19 14:38:09'),
(382,	1,	'ar',	'models/notifications',	'types.success',	'success',	'2022-04-19 14:38:25',	'2022-04-19 14:38:25'),
(383,	1,	'ar',	'models/notifications',	'types.warning',	'warning',	'2022-04-19 14:38:30',	'2022-04-19 14:39:08'),
(384,	0,	'ar',	'auth',	'app.create',	'انشاء',	'2022-04-19 14:44:37',	'2022-04-19 14:58:03'),
(385,	0,	'ar',	'auth',	'app.export',	'تصدير',	'2022-04-19 14:44:48',	'2022-04-19 14:58:03'),
(386,	0,	'ar',	'auth',	'app.lock_account',	'قفل الحساب',	'2022-04-19 14:45:13',	'2022-04-19 14:58:03'),
(387,	0,	'ar',	'auth',	'app.member_since',	'عضو منذ',	'2022-04-19 14:45:34',	'2022-04-19 14:58:03'),
(388,	0,	'ar',	'auth',	'app.messages',	'رسائل',	'2022-04-19 14:45:42',	'2022-04-19 14:58:03'),
(389,	0,	'ar',	'auth',	'app.online',	'متصل',	'2022-04-19 14:45:54',	'2022-04-19 14:58:03'),
(390,	0,	'ar',	'auth',	'app.print',	'طباعة',	'2022-04-19 14:46:03',	'2022-04-19 14:58:03'),
(391,	0,	'ar',	'auth',	'app.profile',	'الملف الشخصي',	'2022-04-19 14:46:15',	'2022-04-19 14:58:03'),
(392,	0,	'ar',	'auth',	'app.reload',	'إعادة تحميل',	'2022-04-19 14:46:24',	'2022-04-19 14:58:03'),
(393,	0,	'ar',	'auth',	'app.reset',	'إعادة تعيين',	'2022-04-19 14:46:40',	'2022-04-19 14:58:03'),
(394,	0,	'ar',	'auth',	'app.search',	'بحث',	'2022-04-19 14:46:47',	'2022-04-19 14:58:03'),
(395,	0,	'ar',	'auth',	'app.settings',	'إعدادات',	'2022-04-19 14:46:52',	'2022-04-19 14:58:03'),
(396,	0,	'ar',	'auth',	'blocked',	'تم حظر حسابك ، يرجى الاتصال بالمسؤول للحصول على مزيد من التفاصيل',	'2022-04-19 14:47:53',	'2022-04-19 14:58:03'),
(397,	0,	'ar',	'auth',	'confirm_password',	'تأكيد كلمة المرور',	'2022-04-19 14:48:01',	'2022-04-19 14:58:03'),
(398,	0,	'ar',	'auth',	'confirm_passwords.forgot_your_password',	'نسيت رقمك السري؟',	'2022-04-19 14:48:12',	'2022-04-19 14:58:03'),
(399,	0,	'ar',	'auth',	'confirm_passwords.send_pwd_confirm',	'تاكيد',	'2022-04-19 14:48:27',	'2022-04-19 14:58:03'),
(400,	0,	'ar',	'auth',	'confirm_passwords.title',	'يرجى تأكيد كلمة المرور الخاصة بك قبل المتابعة.',	'2022-04-19 14:48:37',	'2022-04-19 14:58:03'),
(401,	0,	'ar',	'auth',	'email',	'بريد الالكتروني',	'2022-04-19 14:48:54',	'2022-04-19 14:58:03'),
(402,	0,	'ar',	'auth',	'emails.password.reset_link',	'انقر هنا لإعادة تعيين كلمة المرور الخاصة بك',	'2022-04-19 14:49:10',	'2022-04-19 14:58:03'),
(403,	1,	'ar',	'auth',	'failed',	'البيانات التالية هذه لا تتطابق مع سجلاتنا',	'2022-04-19 14:49:45',	'2022-04-25 21:34:32'),
(404,	0,	'ar',	'auth',	'forgot_password.send_pwd_reset',	'إرسال رابط إعادة تعيين كلمة السر',	'2022-04-19 14:49:55',	'2022-04-19 14:58:03'),
(405,	0,	'ar',	'auth',	'forgot_password.title',	'أدخل البريد الإلكتروني لإعادة تعيين كلمة المرور',	'2022-04-19 14:50:07',	'2022-04-19 14:58:03'),
(406,	0,	'ar',	'auth',	'full_name',	'الاسم الكامل',	'2022-04-19 14:50:21',	'2022-04-19 14:58:03'),
(407,	0,	'ar',	'auth',	'inactive',	'غير نشط',	'2022-04-19 14:50:33',	'2022-04-19 14:58:03'),
(408,	0,	'ar',	'auth',	'login.admin',	'دخول الادمن',	'2022-04-19 14:50:45',	'2022-04-19 14:58:03'),
(409,	0,	'ar',	'auth',	'login.forgot_password',	'هل نسيت كلمة السر ؟',	'2022-04-19 14:50:53',	'2022-04-19 14:58:03'),
(410,	0,	'ar',	'auth',	'login.provider',	'دخول شركة النقل',	'2022-04-19 14:51:25',	'2022-04-19 14:58:03'),
(411,	0,	'ar',	'auth',	'login.register_membership',	'ليس لديك حساب؟',	'2022-04-19 14:51:35',	'2022-04-19 14:58:03'),
(412,	0,	'ar',	'auth',	'login.remember_me',	'تذكرنى',	'2022-04-19 14:51:42',	'2022-04-19 14:58:03'),
(413,	0,	'ar',	'auth',	'login.title',	'تسجيل الدخول',	'2022-04-19 14:51:51',	'2022-04-19 14:58:03'),
(414,	0,	'ar',	'auth',	'name',	'الاسم',	'2022-04-19 14:52:01',	'2022-04-19 14:58:03'),
(415,	0,	'ar',	'auth',	'password',	'كلمة السر',	'2022-04-19 14:52:09',	'2022-04-19 14:58:03'),
(416,	0,	'ar',	'auth',	'phone',	'رقم الهاتف',	'2022-04-19 14:52:15',	'2022-04-19 14:58:03'),
(417,	0,	'ar',	'auth',	'register',	'تسجيل',	'2022-04-19 14:52:21',	'2022-04-19 14:58:03'),
(418,	0,	'ar',	'auth',	'registration.have_membership',	'هل لديك حساب؟',	'2022-04-19 14:52:30',	'2022-04-19 14:58:03'),
(419,	0,	'ar',	'auth',	'registration.i_agree',	'أوافق على',	'2022-04-19 14:52:37',	'2022-04-19 14:58:03'),
(420,	0,	'ar',	'auth',	'registration.terms',	'الشروط',	'2022-04-19 14:52:43',	'2022-04-19 14:58:03'),
(421,	0,	'ar',	'auth',	'registration.title',	'تسجيل عضوية جديدة',	'2022-04-19 14:52:51',	'2022-04-19 14:58:03'),
(422,	0,	'ar',	'auth',	'remember_me',	'تذكرنى',	'2022-04-19 14:52:58',	'2022-04-19 14:58:03'),
(423,	0,	'ar',	'auth',	'reset_password.reset_pwd_btn',	'إعادة تعيين كلمة السر',	'2022-04-19 14:53:18',	'2022-04-19 14:58:03'),
(424,	0,	'ar',	'auth',	'reset_password.title',	'اعد ضبط كلمه السر',	'2022-04-19 14:53:33',	'2022-04-19 14:58:03'),
(425,	0,	'ar',	'auth',	'sign_in',	'تسجيل الدخول',	'2022-04-19 14:53:40',	'2022-04-19 14:58:03'),
(426,	0,	'ar',	'auth',	'sign_out',	'خروج',	'2022-04-19 14:53:48',	'2022-04-19 14:58:03'),
(427,	0,	'ar',	'auth',	'sign_up',	'اشتراك',	'2022-04-19 14:53:55',	'2022-04-19 14:58:03'),
(428,	1,	'ar',	'auth',	'throttle',	'محاولات تسجيل دخول كثيرة جدًا. يرجى المحاولة مرة أخرى في :seconds ثواني',	'2022-04-19 14:54:51',	'2022-04-25 21:34:33'),
(429,	0,	'ar',	'auth',	'unapproved',	'حسابك غير معتمد ، يرجى \n الاتصال بالمسؤول للحصول على مزيد من التفاصيل',	'2022-04-19 14:55:05',	'2022-04-19 14:58:03'),
(430,	0,	'ar',	'auth',	'verify_email.another_req',	'انقر هنا لطلب آخر',	'2022-04-19 14:55:42',	'2022-04-19 14:58:03'),
(431,	0,	'ar',	'auth',	'verify_email.error',	'الرابط غير صالح ، يرجى النقر على الرابط أدناه لطلب آخر.',	'2022-04-19 14:55:52',	'2022-04-19 14:58:03'),
(432,	0,	'ar',	'auth',	'verify_email.error_sending',	'حدث خطأ ما أثناء إرسال رسالة التحقق.',	'2022-04-19 14:55:59',	'2022-04-19 14:58:03'),
(433,	0,	'ar',	'auth',	'verify_email.notice',	'قبل المتابعة ، يرجى التحقق من بريدك الإلكتروني بحثًا عن رابط التحقق. إذا لم تستلم البريد الإلكتروني ،',	'2022-04-19 14:56:12',	'2022-04-19 14:58:03'),
(434,	0,	'ar',	'auth',	'verify_email.success',	'تم إرسال رابط تحقق جديد إلى عنوان بريدك الإلكتروني',	'2022-04-19 14:56:37',	'2022-04-19 14:58:03'),
(435,	0,	'ar',	'auth',	'verify_email.title',	'تحقق من عنوان بريدك الإلكتروني',	'2022-04-19 14:56:44',	'2022-04-19 14:58:03'),
(436,	0,	'ar',	'auth',	'verify_email.verify_success',	'لقد نجحت في التحقق من عنوان بريدك الإلكتروني.',	'2022-04-19 14:56:50',	'2022-04-19 14:58:03'),
(437,	0,	'ar',	'auth',	'verify_phone.another_req',	'انقر هنا لطلب آخر',	'2022-04-19 14:57:03',	'2022-04-19 14:58:03'),
(438,	0,	'ar',	'auth',	'verify_phone.error',	'الرمز غير صالح ، الرجاء النقر فوق الارتباط أدناه لطلب آخر.',	'2022-04-19 14:57:12',	'2022-04-19 14:58:03'),
(439,	0,	'ar',	'auth',	'verify_phone.error_sending',	'حدث خطأ ما أثناء إرسال رمز التحقق.',	'2022-04-19 14:57:20',	'2022-04-19 14:58:03'),
(440,	0,	'ar',	'auth',	'verify_phone.notice',	'قبل المتابعة ، يرجى التحقق من هاتفك بحثًا عن رمز التحقق ، إذا لم تصلك الرسائل القصيرة ،',	'2022-04-19 14:57:29',	'2022-04-19 14:58:03'),
(441,	0,	'ar',	'auth',	'verify_phone.success',	'تم إرسال رمز تحقق جديد إلى رقم هاتفك',	'2022-04-19 14:57:37',	'2022-04-19 14:58:03'),
(442,	0,	'ar',	'auth',	'verify_phone.title',	'اكد على رقم هاتفك او جوالك',	'2022-04-19 14:57:44',	'2022-04-19 14:58:03'),
(443,	0,	'ar',	'auth',	'verify_phone.verify_success',	'لقد نجحت في التحقق من رقم هاتفك.',	'2022-04-19 14:57:54',	'2022-04-19 14:58:03'),
(444,	1,	'ar',	'models/users',	'fields.block',	'محظور',	'2022-04-19 14:59:22',	'2022-04-19 14:59:22'),
(445,	1,	'ar',	'models/users',	'fields.block_notes',	'رسائل الحظر',	'2022-04-19 14:59:35',	'2022-04-19 14:59:35'),
(446,	1,	'ar',	'models/users',	'fields.email',	'بريد الالكتروني',	'2022-04-19 14:59:46',	'2022-04-19 14:59:46'),
(447,	0,	'ar',	'crud',	'action',	'حدث',	'2022-04-19 15:00:41',	'2022-04-19 15:02:32'),
(448,	0,	'ar',	'crud',	'add_new',	'اضف جديد',	'2022-04-19 15:00:51',	'2022-04-19 15:02:32'),
(449,	0,	'ar',	'crud',	'are_you_sure',	'هل أنت واثق؟',	'2022-04-19 15:00:58',	'2022-04-19 15:02:32'),
(450,	0,	'ar',	'crud',	'back',	'رجوع',	'2022-04-19 15:01:05',	'2022-04-19 15:02:32'),
(451,	0,	'ar',	'crud',	'cancel',	'الغاء',	'2022-04-19 15:01:11',	'2022-04-19 15:02:32'),
(452,	0,	'ar',	'crud',	'create',	'انشاء',	'2022-04-19 15:01:18',	'2022-04-19 15:02:32'),
(453,	0,	'ar',	'crud',	'created_at',	'أنشئت في',	'2022-04-19 15:01:25',	'2022-04-19 15:02:32'),
(454,	0,	'ar',	'crud',	'deleted_at',	'محذوف في',	'2022-04-19 15:01:33',	'2022-04-19 15:02:32'),
(455,	0,	'ar',	'crud',	'detail',	'التفاصيل',	'2022-04-19 15:01:42',	'2022-04-19 15:02:32'),
(456,	0,	'ar',	'crud',	'edit',	'تعديل',	'2022-04-19 15:01:49',	'2022-04-19 15:02:32'),
(457,	0,	'ar',	'crud',	'id',	'معرف',	'2022-04-19 15:01:56',	'2022-04-19 15:02:32'),
(458,	0,	'ar',	'crud',	'reply',	'رد',	'2022-04-19 15:02:05',	'2022-04-19 15:02:32'),
(459,	0,	'ar',	'crud',	'save',	'حفظ',	'2022-04-19 15:02:13',	'2022-04-19 15:02:32'),
(460,	0,	'ar',	'crud',	'show',	'عرض',	'2022-04-19 15:02:16',	'2022-04-19 15:02:32'),
(461,	0,	'ar',	'crud',	'updated_at',	'تم التحديث في',	'2022-04-19 15:02:23',	'2022-04-19 15:02:32'),
(462,	1,	'ar',	'models/providers',	'approved',	'موافق عليه',	'2022-04-19 15:14:40',	'2022-04-19 15:14:40'),
(463,	1,	'ar',	'models/providers',	'fields.approve',	'موافقة',	'2022-04-19 15:14:46',	'2022-04-19 15:14:46'),
(464,	1,	'ar',	'models/providers',	'fields.block',	'محظور',	'2022-04-19 15:14:53',	'2022-04-19 15:14:53'),
(465,	1,	'ar',	'models/providers',	'fields.block_notes',	'رسائل الحظر',	'2022-04-19 15:15:13',	'2022-04-19 15:15:13'),
(466,	1,	'ar',	'models/providers',	'fields.email',	'البريد الالكتروني',	'2022-04-19 15:15:25',	'2022-04-19 15:15:25'),
(467,	1,	'ar',	'models/providers',	'fields.image',	'صورة',	'2022-04-19 15:15:30',	'2022-04-19 15:15:30'),
(468,	1,	'ar',	'models/providers',	'fields.name',	'الاسم',	'2022-04-19 15:15:35',	'2022-04-19 15:15:35'),
(469,	1,	'ar',	'models/providers',	'fields.notes',	'ملاحظات',	'2022-04-19 15:15:46',	'2022-04-19 15:15:46'),
(470,	1,	'ar',	'models/providers',	'fields.password',	'كلمة السر',	'2022-04-19 15:15:52',	'2022-04-19 15:15:52'),
(471,	1,	'ar',	'models/providers',	'fields.phone',	'رقم الهاتف',	'2022-04-19 15:16:01',	'2022-04-19 15:16:01'),
(472,	1,	'ar',	'models/providers',	'plural',	'شركات النقل',	'2022-04-19 15:16:13',	'2022-04-19 15:16:13'),
(473,	1,	'ar',	'models/providers',	'singular',	'شركة النقل',	'2022-04-19 15:16:20',	'2022-04-19 15:16:20'),
(474,	1,	'ar',	'models/providers',	'unapproved',	'غير موافق عليه',	'2022-04-19 15:16:31',	'2022-04-19 15:16:31'),
(475,	1,	'ar',	'models/users',	'fields.image',	'صورة',	'2022-04-19 15:16:45',	'2022-04-19 15:16:45'),
(476,	1,	'ar',	'models/users',	'fields.name',	'اسم',	'2022-04-19 15:16:50',	'2022-04-19 15:16:50'),
(477,	1,	'ar',	'models/users',	'fields.notes',	'ملاحظات',	'2022-04-19 15:16:58',	'2022-04-19 15:16:58'),
(478,	1,	'ar',	'models/users',	'fields.password',	'كلمة السر',	'2022-04-19 15:17:04',	'2022-04-19 15:17:04'),
(479,	1,	'ar',	'models/users',	'fields.phone',	'رقم الهاتف',	'2022-04-19 15:17:11',	'2022-04-19 15:17:11'),
(480,	1,	'ar',	'models/users',	'plural',	'مستخدمين',	'2022-04-19 15:17:17',	'2022-04-19 15:17:17'),
(481,	1,	'ar',	'models/users',	'singular',	'مستخدم',	'2022-04-19 15:17:23',	'2022-04-19 15:17:23'),
(482,	1,	'ar',	'pagination',	'next',	'التالي',	'2022-04-19 15:18:17',	'2022-04-25 21:34:33'),
(483,	1,	'ar',	'pagination',	'previous',	'السابق',	'2022-04-19 15:18:22',	'2022-04-25 21:34:33'),
(484,	0,	'ar',	'passwords',	'dismatch',	'كلمة المرور لا تطابق كلمة مرورك الحالية.',	'2022-04-19 15:18:40',	'2022-04-19 15:19:33'),
(485,	1,	'ar',	'passwords',	'reset',	'تم إعادة تعيين كلمة المرور الخاصة بك!',	'2022-04-19 15:18:47',	'2022-04-25 21:34:33'),
(486,	1,	'ar',	'passwords',	'sent',	'لقد أرسلنا عبر البريد الإلكتروني رابط إعادة تعيين كلمة المرور الخاصة بك!',	'2022-04-19 15:18:58',	'2022-04-25 21:34:33'),
(487,	0,	'ar',	'passwords',	'throttled',	'الرجاء الانتظار قبل إعادة المحاولة.',	'2022-04-19 15:19:08',	'2022-04-19 15:19:33'),
(488,	1,	'ar',	'passwords',	'token',	'رمز إعادة تعيين كلمة المرور هذا غير صالح.',	'2022-04-19 15:19:21',	'2022-04-25 21:34:33'),
(489,	1,	'ar',	'passwords',	'user',	'لا يمكننا العثور على مستخدم بعنوان البريد الإلكتروني هذا.',	'2022-04-19 15:19:30',	'2022-04-25 21:34:33'),
(490,	0,	'ar',	'models/accounts',	'singular',	NULL,	'2022-04-21 18:01:52',	'2022-04-21 18:01:52'),
(491,	0,	'ar',	'passwords',	'invalid',	NULL,	'2022-04-21 18:01:52',	'2022-04-21 18:01:52'),
(492,	0,	'ar',	'passwords',	'success',	NULL,	'2022-04-21 18:01:52',	'2022-04-21 18:01:52'),
(493,	0,	'ar',	'models/buses',	'singular',	NULL,	'2022-04-21 18:01:52',	'2022-04-21 18:01:52'),
(494,	0,	'ar',	'models/busOrders',	'singular',	NULL,	'2022-04-21 18:01:52',	'2022-04-21 18:01:52'),
(495,	0,	'ar',	'models/categories',	'singular',	NULL,	'2022-04-21 18:01:52',	'2022-04-21 18:01:52'),
(496,	0,	'ar',	'models/cities',	'singular',	'المدينة',	'2022-04-21 18:01:52',	'2022-05-11 07:46:16'),
(497,	0,	'ar',	'models/contacts',	'unread',	NULL,	'2022-04-21 18:01:52',	'2022-04-21 18:01:52'),
(498,	0,	'ar',	'models/contacts',	'unreplied',	NULL,	'2022-04-21 18:01:52',	'2022-04-21 18:01:52'),
(499,	0,	'ar',	'models/contacts',	'replied',	NULL,	'2022-04-21 18:01:52',	'2022-04-21 18:01:52'),
(500,	0,	'ar',	'crud',	'all',	NULL,	'2022-04-21 18:01:52',	'2022-04-21 18:01:52'),
(501,	0,	'ar',	'models/emails',	'singular',	NULL,	'2022-04-21 18:01:52',	'2022-04-21 18:01:52'),
(502,	0,	'ar',	'models/features',	'singular',	NULL,	'2022-04-21 18:01:52',	'2022-04-21 18:01:52'),
(503,	0,	'ar',	'models/notifications',	'unauthorized',	NULL,	'2022-04-21 18:01:52',	'2022-04-21 18:01:52'),
(504,	0,	'ar',	'models/packages',	'singular',	NULL,	'2022-04-21 18:01:52',	'2022-04-21 18:01:52'),
(505,	0,	'ar',	'models/reviews',	'singular',	NULL,	'2022-04-21 18:01:52',	'2022-04-21 18:01:52'),
(506,	0,	'ar',	'models/services',	'singular',	NULL,	'2022-04-21 18:01:52',	'2022-04-21 18:01:52'),
(507,	0,	'ar',	'models/settings',	'singular',	NULL,	'2022-04-21 18:01:52',	'2022-04-21 18:01:52'),
(508,	0,	'ar',	'models/trips',	'singular',	NULL,	'2022-04-21 18:01:52',	'2022-04-21 18:01:52'),
(509,	0,	'ar',	'models/tripOrders',	'singular',	NULL,	'2022-04-21 18:01:52',	'2022-04-21 18:01:52'),
(510,	0,	'ar',	'models/accounts',	'plural',	NULL,	'2022-04-21 18:01:52',	'2022-04-21 18:01:52'),
(511,	0,	'ar',	'models/buses',	'plural',	NULL,	'2022-04-21 18:01:52',	'2022-04-21 18:01:52'),
(512,	0,	'ar',	'models/busOrders',	'plural',	NULL,	'2022-04-21 18:01:52',	'2022-04-21 18:01:52'),
(513,	0,	'ar',	'models/categories',	'plural',	NULL,	'2022-04-21 18:01:52',	'2022-04-21 18:01:52'),
(514,	0,	'ar',	'models/cities',	'plural',	'المدن',	'2022-04-21 18:01:52',	'2022-05-11 07:46:16'),
(515,	0,	'ar',	'models/destinations',	'plural',	NULL,	'2022-04-21 18:01:52',	'2022-04-21 18:01:52'),
(516,	0,	'ar',	'models/destinations',	'singular',	NULL,	'2022-04-21 18:01:52',	'2022-04-21 18:01:52'),
(517,	0,	'ar',	'models/emails',	'plural',	NULL,	'2022-04-21 18:01:52',	'2022-04-21 18:01:52'),
(518,	0,	'ar',	'models/features',	'plural',	NULL,	'2022-04-21 18:01:52',	'2022-04-21 18:01:52'),
(519,	0,	'ar',	'models/packages',	'plural',	NULL,	'2022-04-21 18:01:52',	'2022-04-21 18:01:52'),
(520,	0,	'ar',	'models/destinations',	'fields.bus_fees',	NULL,	'2022-04-21 18:01:52',	'2022-04-21 18:01:52'),
(521,	0,	'ar',	'models/reviews',	'plural',	NULL,	'2022-04-21 18:01:52',	'2022-04-21 18:01:52'),
(522,	0,	'ar',	'models/services',	'plural',	NULL,	'2022-04-21 18:01:52',	'2022-04-21 18:01:52'),
(523,	0,	'ar',	'models/tickets',	'plural',	NULL,	'2022-04-21 18:01:52',	'2022-04-21 18:01:52'),
(524,	0,	'ar',	'msg',	'this_number_of_tickets_are_not_available',	NULL,	'2022-04-21 18:01:52',	'2022-04-21 18:01:52'),
(525,	0,	'ar',	'models/tickets',	'singular',	NULL,	'2022-04-21 18:01:52',	'2022-04-21 18:01:52'),
(526,	0,	'ar',	'models/trips',	'plural',	NULL,	'2022-04-21 18:01:52',	'2022-04-21 18:01:52'),
(527,	0,	'ar',	'models/tripOrders',	'plural',	NULL,	'2022-04-21 18:01:52',	'2022-04-21 18:01:52'),
(528,	0,	'ar',	'msg',	'please_do_the_payment_and_complete_the_order',	NULL,	'2022-04-21 18:01:52',	'2022-04-21 18:01:52'),
(529,	0,	'ar',	'msg',	'please_wait_for_provider_approval_to_do_the_payment_and_complete_the_order',	NULL,	'2022-04-21 18:01:52',	'2022-04-21 18:01:52'),
(530,	0,	'ar',	'msg',	'unauthorized',	NULL,	'2022-04-21 18:01:52',	'2022-04-21 18:01:52'),
(531,	0,	'ar',	'validation',	'required',	'الحقل :attribute مطلوب.',	'2022-04-21 18:01:52',	'2022-04-27 01:17:57'),
(532,	0,	'ar',	'models/busOrders',	'fields.user_notes',	NULL,	'2022-04-21 18:01:52',	'2022-04-21 18:01:52'),
(533,	0,	'ar',	'msg',	'the_payment_link_is_not_valid',	NULL,	'2022-04-21 18:01:52',	'2022-04-21 18:01:52'),
(534,	0,	'ar',	'models/accounts',	'active',	NULL,	'2022-04-21 18:01:52',	'2022-04-21 18:01:52'),
(535,	0,	'ar',	'models/accounts',	'inactive',	NULL,	'2022-04-21 18:01:52',	'2022-04-21 18:01:52'),
(536,	0,	'ar',	'msg',	'yes',	NULL,	'2022-04-21 18:01:52',	'2022-04-21 18:01:52'),
(537,	0,	'ar',	'msg',	'no',	NULL,	'2022-04-21 18:01:52',	'2022-04-21 18:01:52'),
(538,	0,	'ar',	'models/accounts',	'fields.provider_id',	NULL,	'2022-04-21 18:01:52',	'2022-04-21 18:01:52'),
(539,	0,	'ar',	'models/accounts',	'fields.username',	NULL,	'2022-04-21 18:01:52',	'2022-04-21 18:01:52'),
(540,	0,	'ar',	'models/accounts',	'fields.password',	NULL,	'2022-04-21 18:01:52',	'2022-04-21 18:01:52'),
(541,	0,	'ar',	'models/accounts',	'fields.active',	NULL,	'2022-04-21 18:01:52',	'2022-04-21 18:01:52'),
(542,	0,	'ar',	'models/accounts',	'fields.email',	NULL,	'2022-04-21 18:01:52',	'2022-04-21 18:01:52'),
(543,	0,	'ar',	'models/accounts',	'fields.phone',	NULL,	'2022-04-21 18:01:52',	'2022-04-21 18:01:52'),
(544,	0,	'ar',	'models/accounts',	'fields.role',	NULL,	'2022-04-21 18:01:52',	'2022-04-21 18:01:52'),
(546,	0,	'ar',	'crud',	'print',	NULL,	'2022-04-21 18:01:52',	'2022-04-21 18:01:52'),
(547,	0,	'ar',	'models/busOrders',	'fields.provider_notes',	NULL,	'2022-04-21 18:01:52',	'2022-04-21 18:01:52'),
(548,	0,	'ar',	'models/busOrders',	'fields.created_at',	NULL,	'2022-04-21 18:01:52',	'2022-04-21 18:01:52'),
(549,	0,	'ar',	'models/categories',	'fields.name',	NULL,	'2022-04-21 18:01:52',	'2022-04-21 18:01:52'),
(550,	0,	'ar',	'models/cities',	'fields.name',	'الاسم',	'2022-04-21 18:01:52',	'2022-05-11 07:46:16'),
(552,	0,	'ar',	'models/emails',	'fields.email',	NULL,	'2022-04-21 18:01:52',	'2022-04-21 18:01:52'),
(553,	0,	'ar',	'models/features',	'fields.title',	NULL,	'2022-04-21 18:01:52',	'2022-04-21 18:01:52'),
(554,	0,	'ar',	'models/features',	'fields.text',	NULL,	'2022-04-21 18:01:52',	'2022-04-21 18:01:52'),
(555,	0,	'ar',	'models/features',	'fields.icon',	NULL,	'2022-04-21 18:01:52',	'2022-04-21 18:01:52'),
(556,	0,	'ar',	'msg',	'updoad_file',	NULL,	'2022-04-21 18:01:52',	'2022-04-21 18:01:52'),
(557,	0,	'ar',	'msg',	'app_name_by_developer_name',	NULL,	'2022-04-21 18:01:52',	'2022-04-21 18:01:52'),
(558,	0,	'ar',	'msg',	'orders',	NULL,	'2022-04-21 18:01:52',	'2022-04-21 18:01:52'),
(560,	0,	'ar',	'models/providers',	'fields.address',	NULL,	'2022-04-21 18:01:53',	'2022-04-21 18:01:53'),
(561,	0,	'ar',	'models/providers',	'fields.comm_name',	NULL,	'2022-04-21 18:01:53',	'2022-04-21 18:01:53'),
(562,	0,	'ar',	'models/providers',	'fields.comm_reg_num',	NULL,	'2022-04-21 18:01:53',	'2022-04-21 18:01:53'),
(563,	0,	'ar',	'models/providers',	'fields.comm_reg_img',	NULL,	'2022-04-21 18:01:53',	'2022-04-21 18:01:53'),
(564,	0,	'ar',	'models/providers',	'fields.tax_cert_num',	NULL,	'2022-04-21 18:01:53',	'2022-04-21 18:01:53'),
(565,	0,	'ar',	'models/providers',	'fields.tax',	NULL,	'2022-04-21 18:01:53',	'2022-04-21 18:01:53'),
(566,	0,	'ar',	'msg',	'from',	NULL,	'2022-04-21 18:01:53',	'2022-04-21 18:01:53'),
(567,	0,	'ar',	'models/reviews',	'fields.publish',	NULL,	'2022-04-21 18:01:53',	'2022-04-21 18:01:53'),
(568,	0,	'ar',	'models/services',	'fields.title',	NULL,	'2022-04-21 18:01:53',	'2022-04-21 18:01:53'),
(569,	0,	'ar',	'models/services',	'fields.text',	NULL,	'2022-04-21 18:01:53',	'2022-04-21 18:01:53'),
(570,	0,	'ar',	'models/services',	'fields.image',	NULL,	'2022-04-21 18:01:53',	'2022-04-21 18:01:53'),
(571,	0,	'ar',	'models/settings',	'plural',	NULL,	'2022-04-21 18:01:53',	'2022-04-21 18:01:53'),
(572,	0,	'ar',	'msg',	'taken',	NULL,	'2022-04-21 18:01:53',	'2022-04-21 18:01:53'),
(573,	0,	'ar',	'models/tickets',	'fields.seat_num',	NULL,	'2022-04-21 18:01:53',	'2022-04-21 18:01:53'),
(574,	0,	'ar',	'models/users',	'fields.address',	NULL,	'2022-04-21 18:01:53',	'2022-04-21 18:01:53'),
(575,	0,	'ar',	'models/users',	'fields.date_of_birth',	NULL,	'2022-04-21 18:01:53',	'2022-04-21 18:01:53'),
(576,	0,	'ar',	'models/users',	'fields.marital_status',	NULL,	'2022-04-21 18:01:53',	'2022-04-21 18:01:53'),
(578,	0,	'ar',	'auth',	'verify_phone.subtitle',	NULL,	'2022-04-21 18:01:53',	'2022-04-21 18:01:53'),
(579,	0,	'ar',	'auth',	'verify_phone.input',	NULL,	'2022-04-21 18:01:53',	'2022-04-21 18:01:53'),
(580,	0,	'ar',	'crud',	'confirm',	NULL,	'2022-04-21 18:01:53',	'2022-04-21 18:01:53'),
(581,	0,	'ar',	'msg',	'ignore_email',	NULL,	'2022-04-21 18:01:53',	'2022-04-21 18:01:53'),
(582,	0,	'ar',	'msg',	'about',	NULL,	'2022-04-21 18:01:53',	'2022-04-21 18:01:53'),
(583,	0,	'ar',	'msg',	'contact',	NULL,	'2022-04-21 18:01:53',	'2022-04-21 18:01:53'),
(584,	0,	'ar',	'msg',	'send_message',	NULL,	'2022-04-21 18:01:53',	'2022-04-21 18:01:53'),
(585,	0,	'ar',	'msg',	'click_here',	NULL,	'2022-04-21 18:01:53',	'2022-04-21 18:01:53'),
(586,	0,	'ar',	'msg',	'enter_your_email',	NULL,	'2022-04-21 18:01:53',	'2022-04-21 18:01:53'),
(587,	0,	'ar',	'crud',	'subscribe',	NULL,	'2022-04-21 18:01:53',	'2022-04-21 18:01:53'),
(588,	0,	'ar',	'msg',	'services',	NULL,	'2022-04-21 18:01:53',	'2022-04-21 18:01:53'),
(589,	0,	'ar',	'msg',	'trips',	NULL,	'2022-04-21 18:01:53',	'2022-04-21 18:01:53'),
(590,	0,	'ar',	'msg',	'type_your_search_keword',	NULL,	'2022-04-21 18:01:53',	'2022-04-21 18:01:53'),
(591,	0,	'ar',	'msg',	'filter_options',	NULL,	'2022-04-21 18:01:53',	'2022-04-21 18:01:53'),
(592,	0,	'ar',	'msg',	'select',	NULL,	'2022-04-21 18:01:53',	'2022-04-21 18:01:53'),
(593,	0,	'ar',	'msg',	'search',	NULL,	'2022-04-21 18:01:53',	'2022-04-21 18:01:53'),
(594,	0,	'ar',	'msg',	'trip_starts_on',	NULL,	'2022-04-21 18:01:53',	'2022-04-21 18:01:53'),
(595,	0,	'ar',	'msg',	'seats_only',	NULL,	'2022-04-21 18:01:53',	'2022-04-21 18:01:53'),
(596,	0,	'ar',	'msg',	'order_now',	NULL,	'2022-04-21 18:01:53',	'2022-04-21 18:01:53'),
(597,	0,	'ar',	'auth',	'provider.verify',	NULL,	'2022-04-21 18:01:53',	'2022-04-21 18:01:53'),
(598,	0,	'ar',	'auth',	'provider.account',	NULL,	'2022-04-21 18:01:53',	'2022-04-21 18:01:53'),
(599,	0,	'ar',	'auth',	'account.title',	NULL,	'2022-04-21 18:01:53',	'2022-04-21 18:01:53'),
(600,	0,	'ar',	'auth',	'account.subtitle',	NULL,	'2022-04-21 18:01:53',	'2022-04-21 18:01:53'),
(601,	0,	'ar',	'auth',	'provider.title',	NULL,	'2022-04-21 18:01:53',	'2022-04-21 18:01:53'),
(602,	0,	'ar',	'auth',	'step',	NULL,	'2022-04-21 18:01:53',	'2022-04-21 18:01:53'),
(603,	0,	'ar',	'models/buses',	'fields.plate',	NULL,	'2022-04-21 18:01:53',	'2022-04-21 18:01:53'),
(604,	0,	'ar',	'models/buses',	'fields.image',	NULL,	'2022-04-21 18:01:53',	'2022-04-21 18:01:53'),
(605,	0,	'ar',	'models/buses',	'fields.passengers',	NULL,	'2022-04-21 18:01:53',	'2022-04-21 18:01:53'),
(606,	0,	'ar',	'models/buses',	'fields.account_id',	NULL,	'2022-04-21 18:01:53',	'2022-04-21 18:01:53'),
(607,	0,	'ar',	'models/busOrders',	'fields.status',	NULL,	'2022-04-21 18:01:53',	'2022-04-21 18:01:53'),
(608,	0,	'ar',	'models/busOrders',	'status.pending',	NULL,	'2022-04-21 18:01:53',	'2022-04-21 18:01:53'),
(609,	0,	'ar',	'models/busOrders',	'status.approved',	NULL,	'2022-04-21 18:01:53',	'2022-04-21 18:01:53'),
(610,	0,	'ar',	'models/busOrders',	'status.rejected',	NULL,	'2022-04-21 18:01:53',	'2022-04-21 18:01:53'),
(611,	0,	'ar',	'models/busOrders',	'fields.fees',	NULL,	'2022-04-21 18:01:53',	'2022-04-21 18:01:53'),
(612,	0,	'ar',	'msg',	'calender',	NULL,	'2022-04-21 18:01:53',	'2022-04-21 18:01:53'),
(613,	0,	'ar',	'models/destinations',	'fields.to_city_id',	NULL,	'2022-04-21 18:01:53',	'2022-04-21 18:01:53'),
(614,	0,	'ar',	'models/packages',	'fields.name',	NULL,	'2022-04-21 18:01:53',	'2022-04-21 18:01:53'),
(615,	0,	'ar',	'models/packages',	'fields.bus_fees',	NULL,	'2022-04-21 18:01:53',	'2022-04-21 18:01:53'),
(616,	0,	'ar',	'models/trips',	'fields.bus_id',	NULL,	'2022-04-21 18:01:53',	'2022-04-21 18:01:53'),
(617,	0,	'ar',	'models/trips',	'fields.max',	NULL,	'2022-04-21 18:01:53',	'2022-04-21 18:01:53'),
(618,	0,	'ar',	'models/trips',	'fields.fees',	NULL,	'2022-04-21 18:01:53',	'2022-04-21 18:01:53'),
(619,	0,	'ar',	'models/trips',	'fields.date_from',	NULL,	'2022-04-21 18:01:53',	'2022-04-21 18:01:53'),
(620,	0,	'ar',	'models/trips',	'fields.time_from',	NULL,	'2022-04-21 18:01:53',	'2022-04-21 18:01:53'),
(621,	0,	'ar',	'models/trips',	'fields.date_to',	NULL,	'2022-04-21 18:01:53',	'2022-04-21 18:01:53'),
(622,	0,	'ar',	'models/trips',	'fields.time_to',	NULL,	'2022-04-21 18:01:53',	'2022-04-21 18:01:53'),
(623,	0,	'ar',	'models/trips',	'fields.name',	NULL,	'2022-04-21 18:01:53',	'2022-04-21 18:01:53'),
(624,	0,	'ar',	'models/trips',	'fields.description',	NULL,	'2022-04-21 18:01:53',	'2022-04-21 18:01:53'),
(625,	0,	'ar',	'models/trips',	'fields.provider_notes',	NULL,	'2022-04-21 18:01:53',	'2022-04-21 18:01:53'),
(626,	0,	'ar',	'models/trips',	'fields.meal',	NULL,	'2022-04-21 18:01:53',	'2022-04-21 18:01:53'),
(627,	0,	'ar',	'models/trips',	'fields.hotel',	NULL,	'2022-04-21 18:01:53',	'2022-04-21 18:01:53'),
(628,	0,	'ar',	'models/trips',	'fields.auto_approve',	NULL,	'2022-04-21 18:01:53',	'2022-04-21 18:01:53'),
(629,	0,	'ar',	'models/trips',	'fields.type',	NULL,	'2022-04-21 18:01:53',	'2022-04-21 18:01:53'),
(631,	0,	'ar',	'crud',	'submit',	NULL,	'2022-04-21 18:01:53',	'2022-04-21 18:01:53'),
(632,	0,	'ar',	'msg',	'error',	NULL,	'2022-04-21 18:01:53',	'2022-04-21 18:01:53'),
(633,	0,	'ar',	'models/tripOrders',	'fields.status',	NULL,	'2022-04-21 18:01:53',	'2022-04-21 18:01:53'),
(634,	0,	'ar',	'models/tripOrders',	'status.pending',	NULL,	'2022-04-21 18:01:53',	'2022-04-21 18:01:53'),
(635,	0,	'ar',	'models/tripOrders',	'status.approved',	NULL,	'2022-04-21 18:01:53',	'2022-04-21 18:01:53'),
(636,	0,	'ar',	'models/tripOrders',	'status.rejected',	NULL,	'2022-04-21 18:01:53',	'2022-04-21 18:01:53'),
(637,	0,	'ar',	'models/tripOrders',	'fields.provider_notes',	NULL,	'2022-04-21 18:01:53',	'2022-04-21 18:01:53'),
(638,	0,	'ar',	'models/busOrders',	'fields.date_from',	NULL,	'2022-04-21 18:01:53',	'2022-04-21 18:01:53'),
(639,	0,	'ar',	'models/busOrders',	'fields.time_from',	NULL,	'2022-04-21 18:01:53',	'2022-04-21 18:01:53'),
(640,	0,	'ar',	'models/busOrders',	'fields.date_to',	NULL,	'2022-04-21 18:01:53',	'2022-04-21 18:01:53'),
(641,	0,	'ar',	'models/busOrders',	'fields.time_to',	NULL,	'2022-04-21 18:01:53',	'2022-04-21 18:01:53'),
(642,	0,	'ar',	'crud',	'select',	NULL,	'2022-04-21 18:01:53',	'2022-04-21 18:01:53'),
(643,	0,	'ar',	'crud',	'payment',	NULL,	'2022-04-21 18:01:53',	'2022-04-21 18:01:53'),
(644,	0,	'ar',	'msg',	'my_complaints',	NULL,	'2022-04-21 18:01:53',	'2022-04-21 18:01:53'),
(645,	0,	'ar',	'_json',	'you_have_n_new_messages',	NULL,	'2022-04-21 18:01:53',	'2022-04-21 18:01:53'),
(646,	0,	'ar',	'_json',	'Upload File',	NULL,	'2022-04-21 18:01:53',	'2022-04-21 18:01:53'),
(647,	0,	'ar',	'_json',	'All settings',	NULL,	'2022-04-21 18:01:53',	'2022-04-21 18:01:53'),
(648,	0,	'ar',	'_json',	'This is a secure area of the application. Please confirm your password before continuing.',	NULL,	'2022-04-21 18:01:53',	'2022-04-21 18:01:53'),
(649,	0,	'ar',	'_json',	'Password',	NULL,	'2022-04-21 18:01:53',	'2022-04-21 18:01:53'),
(650,	0,	'ar',	'_json',	'Confirm',	NULL,	'2022-04-21 18:01:53',	'2022-04-21 18:01:53'),
(651,	0,	'ar',	'_json',	'Forgot your password? No problem. Just let us know your email address and we will email you a password reset link that will allow you to choose a new one.',	NULL,	'2022-04-21 18:01:53',	'2022-04-21 18:01:53'),
(652,	0,	'ar',	'_json',	'Email',	NULL,	'2022-04-21 18:01:53',	'2022-04-21 18:01:53'),
(653,	0,	'ar',	'_json',	'Email Password Reset Link',	NULL,	'2022-04-21 18:01:53',	'2022-04-21 18:01:53'),
(654,	0,	'ar',	'_json',	'Confirm Password',	NULL,	'2022-04-21 18:01:53',	'2022-04-21 18:01:53'),
(655,	0,	'ar',	'_json',	'Reset Password',	NULL,	'2022-04-21 18:01:53',	'2022-04-21 18:01:53'),
(656,	0,	'ar',	'_json',	'A new verification link has been sent to the email address you provided during registration.',	NULL,	'2022-04-21 18:01:53',	'2022-04-21 18:01:53'),
(657,	0,	'ar',	'_json',	'Resend Verification Email',	NULL,	'2022-04-21 18:01:53',	'2022-04-21 18:01:53'),
(658,	0,	'ar',	'_json',	'Log Out',	NULL,	'2022-04-21 18:01:53',	'2022-04-21 18:01:53'),
(659,	0,	'ar',	'_json',	'Whoops! Something went wrong.',	NULL,	'2022-04-21 18:01:53',	'2022-04-21 18:01:53'),
(660,	0,	'ar',	'models/additionals',	'singular',	NULL,	'2022-04-25 21:34:29',	'2022-04-25 21:34:29'),
(661,	0,	'ar',	'models/terminals',	'singular',	NULL,	'2022-04-25 21:34:29',	'2022-04-25 21:34:29'),
(662,	0,	'ar',	'models/additionals',	'plural',	NULL,	'2022-04-25 21:34:29',	'2022-04-25 21:34:29'),
(663,	0,	'ar',	'models/terminals',	'plural',	NULL,	'2022-04-25 21:34:29',	'2022-04-25 21:34:29'),
(664,	0,	'ar',	'models/tripOrders',	'fields.user_notes',	NULL,	'2022-04-25 21:34:29',	'2022-04-25 21:34:29'),
(665,	0,	'ar',	'models/additionals',	'fields.name',	NULL,	'2022-04-25 21:34:29',	'2022-04-25 21:34:29'),
(666,	0,	'ar',	'models/additionals',	'fields.icon',	NULL,	'2022-04-25 21:34:29',	'2022-04-25 21:34:29'),
(667,	0,	'ar',	'models/trips',	'datetime',	NULL,	'2022-04-25 21:34:29',	'2022-04-25 21:34:29'),
(668,	0,	'ar',	'models/trips',	'features',	NULL,	'2022-04-25 21:34:29',	'2022-04-25 21:34:29'),
(669,	0,	'ar',	'msg',	'lowest',	NULL,	'2022-04-25 21:34:29',	'2022-04-25 21:34:29'),
(670,	0,	'ar',	'msg',	'heighest',	NULL,	'2022-04-25 21:34:29',	'2022-04-25 21:34:29'),
(671,	0,	'ar',	'models/destinations',	'fields.from_city_id',	NULL,	'2022-04-25 21:34:29',	'2022-04-25 21:34:29'),
(672,	0,	'ar',	'models/destinations',	'fields.starting_terminal_id',	NULL,	'2022-04-25 21:34:29',	'2022-04-25 21:34:29'),
(673,	0,	'ar',	'models/destinations',	'fields.stops',	NULL,	'2022-04-25 21:34:29',	'2022-04-25 21:34:29'),
(674,	0,	'ar',	'models/destinations',	'fields.arrival_terminal_id',	NULL,	'2022-04-25 21:34:29',	'2022-04-25 21:34:29'),
(675,	0,	'ar',	'models/terminals',	'fields.name',	NULL,	'2022-04-25 21:34:29',	'2022-04-25 21:34:29'),
(676,	0,	'ar',	'passwords',	'password',	'يجب أن لا يقل طول كلمة المرور عن ستة أحرف، كما يجب أن تتطابق مع حقل التأكيد',	'2022-04-25 21:34:33',	'2022-04-27 01:17:57'),
(677,	0,	'ar',	'validation',	'accepted',	'يجب قبول الحقل :attribute',	'2022-04-25 21:34:33',	'2022-04-27 01:17:57'),
(678,	0,	'ar',	'validation',	'active_url',	'الحقل :attribute لا يُمثّل رابطًا صحيحًا',	'2022-04-25 21:34:33',	'2022-04-27 01:17:57'),
(679,	0,	'ar',	'validation',	'after',	'يجب على الحقل :attribute أن يكون تاريخًا لاحقًا للتاريخ :date.',	'2022-04-25 21:34:33',	'2022-04-27 01:17:57'),
(680,	0,	'ar',	'validation',	'after_or_equal',	'الحقل :attribute يجب أن يكون تاريخاً لاحقاً أو مطابقاً للتاريخ :date.',	'2022-04-25 21:34:33',	'2022-04-27 01:17:57'),
(681,	0,	'ar',	'validation',	'alpha',	'يجب أن لا يحتوي الحقل :attribute سوى على حروف',	'2022-04-25 21:34:33',	'2022-04-27 01:17:57'),
(682,	0,	'ar',	'validation',	'alpha_dash',	'يجب أن لا يحتوي الحقل :attribute على حروف، أرقام ومطّات.',	'2022-04-25 21:34:33',	'2022-04-27 01:17:57'),
(683,	0,	'ar',	'validation',	'alpha_num',	'يجب أن يحتوي :attribute على حروفٍ وأرقامٍ فقط',	'2022-04-25 21:34:33',	'2022-04-27 01:17:57'),
(684,	0,	'ar',	'validation',	'array',	'يجب أن يكون الحقل :attribute ًمصفوفة',	'2022-04-25 21:34:33',	'2022-04-27 01:17:57'),
(685,	0,	'ar',	'validation',	'before',	'يجب على الحقل :attribute أن يكون تاريخًا سابقًا للتاريخ :date.',	'2022-04-25 21:34:33',	'2022-04-27 01:17:57'),
(686,	0,	'ar',	'validation',	'before_or_equal',	'الحقل :attribute يجب أن يكون تاريخا سابقا أو مطابقا للتاريخ :date',	'2022-04-25 21:34:33',	'2022-04-27 01:17:57'),
(687,	0,	'ar',	'validation',	'between.numeric',	'يجب أن تكون قيمة :attribute بين :min و :max.',	'2022-04-25 21:34:33',	'2022-04-27 01:17:57'),
(688,	0,	'ar',	'validation',	'between.file',	'يجب أن يكون حجم الملف :attribute بين :min و :max كيلوبايت.',	'2022-04-25 21:34:33',	'2022-04-27 01:17:57'),
(689,	0,	'ar',	'validation',	'between.string',	'يجب أن يكون عدد حروف النّص :attribute بين :min و :max',	'2022-04-25 21:34:33',	'2022-04-27 01:17:57'),
(690,	0,	'ar',	'validation',	'between.array',	'يجب أن يحتوي :attribute على عدد من العناصر بين :min و :max',	'2022-04-25 21:34:33',	'2022-04-27 01:17:57'),
(691,	0,	'ar',	'validation',	'boolean',	'يجب أن تكون قيمة الحقل :attribute إما true أو false ',	'2022-04-25 21:34:33',	'2022-04-27 01:17:57'),
(692,	0,	'ar',	'validation',	'confirmed',	'حقل التأكيد غير مُطابق للحقل :attribute',	'2022-04-25 21:34:33',	'2022-04-27 01:17:57'),
(693,	0,	'ar',	'validation',	'date',	'الحقل :attribute ليس تاريخًا صحيحًا',	'2022-04-25 21:34:33',	'2022-04-27 01:17:57'),
(694,	0,	'ar',	'validation',	'date_format',	'لا يتوافق الحقل :attribute مع الشكل :format.',	'2022-04-25 21:34:33',	'2022-04-27 01:17:57'),
(695,	0,	'ar',	'validation',	'different',	'يجب أن يكون الحقلان :attribute و :other مُختلفان',	'2022-04-25 21:34:33',	'2022-04-27 01:17:57'),
(696,	0,	'ar',	'validation',	'digits',	'يجب أن يحتوي الحقل :attribute على :digits رقمًا/أرقام',	'2022-04-25 21:34:33',	'2022-04-27 01:17:57'),
(697,	0,	'ar',	'validation',	'digits_between',	'يجب أن يحتوي الحقل :attribute بين :min و :max رقمًا/أرقام ',	'2022-04-25 21:34:33',	'2022-04-27 01:17:57'),
(698,	0,	'ar',	'validation',	'dimensions',	'الـ :attribute يحتوي على أبعاد صورة غير صالحة.',	'2022-04-25 21:34:33',	'2022-04-27 01:17:57'),
(699,	0,	'ar',	'validation',	'distinct',	'للحقل :attribute قيمة مُكرّرة.',	'2022-04-25 21:34:33',	'2022-04-27 01:17:57'),
(700,	0,	'ar',	'validation',	'email',	'يجب أن يكون :attribute عنوان بريد إلكتروني صحيح البُنية',	'2022-04-25 21:34:33',	'2022-04-27 01:17:57'),
(701,	0,	'ar',	'validation',	'exists',	'الحقل :attribute لاغٍ',	'2022-04-25 21:34:33',	'2022-04-27 01:17:57'),
(702,	0,	'ar',	'validation',	'file',	'الـ :attribute يجب أن يكون من ملفا.',	'2022-04-25 21:34:33',	'2022-04-27 01:17:57'),
(703,	0,	'ar',	'validation',	'filled',	'الحقل :attribute إجباري',	'2022-04-25 21:34:33',	'2022-04-27 01:17:57'),
(704,	0,	'ar',	'validation',	'image',	'يجب أن يكون الحقل :attribute صورةً',	'2022-04-25 21:34:33',	'2022-04-27 01:17:57'),
(705,	0,	'ar',	'validation',	'in',	'الحقل :attribute لاغٍ',	'2022-04-25 21:34:33',	'2022-04-27 01:17:57'),
(706,	0,	'ar',	'validation',	'in_array',	'الحقل :attribute غير موجود في :other.',	'2022-04-25 21:34:33',	'2022-04-27 01:17:57'),
(707,	0,	'ar',	'validation',	'integer',	'يجب أن يكون الحقل :attribute عددًا صحيحًا',	'2022-04-25 21:34:33',	'2022-04-27 01:17:57'),
(708,	0,	'ar',	'validation',	'ip',	'يجب أن يكون الحقل :attribute عنوان IP ذا بُنية صحيحة',	'2022-04-25 21:34:33',	'2022-04-27 01:17:57'),
(709,	0,	'ar',	'validation',	'ipv4',	'يجب أن يكون الحقل :attribute عنوان IPv4 ذا بنية صحيحة.',	'2022-04-25 21:34:33',	'2022-04-27 01:17:57'),
(710,	0,	'ar',	'validation',	'ipv6',	'يجب أن يكون الحقل :attribute عنوان IPv6 ذا بنية صحيحة.',	'2022-04-25 21:34:33',	'2022-04-27 01:17:57'),
(711,	0,	'ar',	'validation',	'json',	'يجب أن يكون الحقل :attribute نصا من نوع JSON.',	'2022-04-25 21:34:33',	'2022-04-27 01:17:57'),
(712,	0,	'ar',	'validation',	'max.numeric',	'يجب أن تكون قيمة الحقل :attribute مساوية أو أصغر لـ :max.',	'2022-04-25 21:34:33',	'2022-04-27 01:17:57'),
(713,	0,	'ar',	'validation',	'max.file',	'يجب أن لا يتجاوز حجم الملف :attribute :max كيلوبايت',	'2022-04-25 21:34:33',	'2022-04-27 01:17:57'),
(714,	0,	'ar',	'validation',	'max.string',	'يجب أن لا يتجاوز طول نص :attribute :max حروفٍ/حرفًا',	'2022-04-25 21:34:33',	'2022-04-27 01:17:57'),
(715,	0,	'ar',	'validation',	'max.array',	'يجب أن لا يحتوي الحقل :attribute على أكثر من :max عناصر/عنصر.',	'2022-04-25 21:34:33',	'2022-04-27 01:17:57'),
(716,	0,	'ar',	'validation',	'mimes',	'يجب أن يكون الحقل ملفًا من نوع : :values.',	'2022-04-25 21:34:33',	'2022-04-27 01:17:57'),
(717,	0,	'ar',	'validation',	'mimetypes',	'يجب أن يكون الحقل ملفًا من نوع : :values.',	'2022-04-25 21:34:33',	'2022-04-27 01:17:57'),
(718,	0,	'ar',	'validation',	'min.numeric',	'يجب أن تكون قيمة الحقل :attribute مساوية أو أكبر لـ :min.',	'2022-04-25 21:34:33',	'2022-04-27 01:17:57'),
(719,	0,	'ar',	'validation',	'min.file',	'يجب أن يكون حجم الملف :attribute على الأقل :min كيلوبايت',	'2022-04-25 21:34:33',	'2022-04-27 01:17:57'),
(720,	0,	'ar',	'validation',	'min.string',	'يجب أن يكون طول نص :attribute على الأقل :min حروفٍ/حرفًا',	'2022-04-25 21:34:33',	'2022-04-27 01:17:57'),
(721,	0,	'ar',	'validation',	'min.array',	'يجب أن يحتوي الحقل :attribute على الأقل على :min عُنصرًا/عناصر',	'2022-04-25 21:34:33',	'2022-04-27 01:17:57'),
(722,	0,	'ar',	'validation',	'not_in',	'الحقل :attribute لاغٍ',	'2022-04-25 21:34:33',	'2022-04-27 01:17:57'),
(723,	0,	'ar',	'validation',	'numeric',	'يجب على الحقل :attribute أن يكون رقمًا',	'2022-04-25 21:34:33',	'2022-04-27 01:17:57'),
(724,	0,	'ar',	'validation',	'present',	'يجب تقديم الحقل :attribute',	'2022-04-25 21:34:33',	'2022-04-27 01:17:57'),
(725,	0,	'ar',	'validation',	'regex',	'صيغة الحقل :attribute .غير صحيحة',	'2022-04-25 21:34:33',	'2022-04-27 01:17:57'),
(726,	0,	'ar',	'validation',	'required_if',	'الحقل :attribute مطلوب في حال ما إذا كان :other يساوي :value.',	'2022-04-25 21:34:33',	'2022-04-27 01:17:57'),
(727,	0,	'ar',	'validation',	'required_unless',	'الحقل :attribute مطلوب في حال ما لم يكن :other يساوي :values.',	'2022-04-25 21:34:33',	'2022-04-27 01:17:57'),
(728,	0,	'ar',	'validation',	'required_with',	'الحقل :attribute إذا توفّر :values.',	'2022-04-25 21:34:33',	'2022-04-27 01:17:57'),
(729,	0,	'ar',	'validation',	'required_with_all',	'الحقل :attribute إذا توفّر :values.',	'2022-04-25 21:34:33',	'2022-04-27 01:17:57'),
(730,	0,	'ar',	'validation',	'required_without',	'الحقل :attribute إذا لم يتوفّر :values.',	'2022-04-25 21:34:33',	'2022-04-27 01:17:57'),
(731,	0,	'ar',	'validation',	'required_without_all',	'الحقل :attribute إذا لم يتوفّر :values.',	'2022-04-25 21:34:33',	'2022-04-27 01:17:57'),
(732,	0,	'ar',	'validation',	'same',	'يجب أن يتطابق الحقل :attribute مع :other',	'2022-04-25 21:34:33',	'2022-04-27 01:17:57'),
(733,	0,	'ar',	'validation',	'size.numeric',	'يجب أن تكون قيمة الحقل :attribute مساوية لـ :size',	'2022-04-25 21:34:33',	'2022-04-27 01:17:57'),
(734,	0,	'ar',	'validation',	'size.file',	'يجب أن يكون حجم الملف :attribute :size كيلوبايت',	'2022-04-25 21:34:33',	'2022-04-27 01:17:57'),
(735,	0,	'ar',	'validation',	'size.string',	'يجب أن يحتوي النص :attribute على :size حروفٍ/حرفًا بالظبط',	'2022-04-25 21:34:33',	'2022-04-27 01:17:57'),
(736,	0,	'ar',	'validation',	'size.array',	'يجب أن يحتوي الحقل :attribute على :size عنصرٍ/عناصر بالظبط',	'2022-04-25 21:34:33',	'2022-04-27 01:17:57'),
(737,	0,	'ar',	'validation',	'string',	'يجب أن يكون الحقل :attribute نصآ.',	'2022-04-25 21:34:33',	'2022-04-27 01:17:57'),
(738,	0,	'ar',	'validation',	'timezone',	'يجب أن يكون :attribute نطاقًا زمنيًا صحيحًا',	'2022-04-25 21:34:33',	'2022-04-27 01:17:57'),
(739,	0,	'ar',	'validation',	'unique',	'قيمة الحقل :attribute مُستخدمة من قبل',	'2022-04-25 21:34:33',	'2022-04-27 01:17:57'),
(740,	0,	'ar',	'validation',	'uploaded',	'فشل في تحميل الـ :attribute',	'2022-04-25 21:34:33',	'2022-04-27 01:17:57'),
(741,	0,	'ar',	'validation',	'url',	'صيغة الرابط :attribute غير صحيحة',	'2022-04-25 21:34:33',	'2022-04-27 01:17:57'),
(742,	0,	'ar',	'validation',	'custom.attribute-name.rule-name',	'custom-message',	'2022-04-25 21:34:33',	'2022-04-27 01:17:57'),
(743,	0,	'ar',	'validation',	'attributes.name',	'الاسم',	'2022-04-25 21:34:33',	'2022-04-27 01:17:57'),
(744,	0,	'ar',	'validation',	'attributes.username',	'اسم المُستخدم',	'2022-04-25 21:34:33',	'2022-04-27 01:17:57'),
(745,	0,	'ar',	'validation',	'attributes.email',	'البريد الالكتروني',	'2022-04-25 21:34:33',	'2022-04-27 01:17:57'),
(746,	0,	'ar',	'validation',	'attributes.fname',	'الاسم',	'2022-04-25 21:34:33',	'2022-04-27 01:17:57'),
(747,	0,	'ar',	'validation',	'attributes.lname',	'اسم العائلة',	'2022-04-25 21:34:33',	'2022-04-27 01:17:57'),
(748,	0,	'ar',	'validation',	'attributes.password',	'كلمة المرور',	'2022-04-25 21:34:33',	'2022-04-27 01:17:57'),
(749,	0,	'ar',	'validation',	'attributes.password_confirmation',	'تأكيد كلمة المرور',	'2022-04-25 21:34:33',	'2022-04-27 01:17:57'),
(750,	0,	'ar',	'validation',	'attributes.city',	'المدينة',	'2022-04-25 21:34:33',	'2022-04-27 01:17:57'),
(751,	0,	'ar',	'validation',	'attributes.country',	'الدولة',	'2022-04-25 21:34:33',	'2022-04-27 01:17:57'),
(752,	0,	'ar',	'validation',	'attributes.address',	'العنوان',	'2022-04-25 21:34:33',	'2022-04-27 01:17:57'),
(753,	0,	'ar',	'validation',	'attributes.phone',	'الهاتف',	'2022-04-25 21:34:33',	'2022-04-27 01:17:57'),
(754,	0,	'ar',	'validation',	'attributes.mobile',	'الجوال',	'2022-04-25 21:34:33',	'2022-04-27 01:17:57'),
(755,	0,	'ar',	'validation',	'attributes.age',	'العمر',	'2022-04-25 21:34:33',	'2022-04-27 01:17:57'),
(756,	0,	'ar',	'validation',	'attributes.sex',	'الجنس',	'2022-04-25 21:34:33',	'2022-04-27 01:17:57'),
(757,	0,	'ar',	'validation',	'attributes.gender',	'النوع',	'2022-04-25 21:34:33',	'2022-04-27 01:17:57'),
(758,	0,	'ar',	'validation',	'attributes.day',	'اليوم',	'2022-04-25 21:34:33',	'2022-04-27 01:17:57'),
(759,	0,	'ar',	'validation',	'attributes.month',	'الشهر',	'2022-04-25 21:34:33',	'2022-04-27 01:17:57'),
(760,	0,	'ar',	'validation',	'attributes.year',	'السنة',	'2022-04-25 21:34:33',	'2022-04-27 01:17:57'),
(761,	0,	'ar',	'validation',	'attributes.hour',	'ساعة',	'2022-04-25 21:34:33',	'2022-04-27 01:17:57'),
(762,	0,	'ar',	'validation',	'attributes.minute',	'دقيقة',	'2022-04-25 21:34:33',	'2022-04-27 01:17:57'),
(763,	0,	'ar',	'validation',	'attributes.second',	'ثانية',	'2022-04-25 21:34:33',	'2022-04-27 01:17:57'),
(764,	0,	'ar',	'validation',	'attributes.content',	'المُحتوى',	'2022-04-25 21:34:33',	'2022-04-27 01:17:57'),
(765,	0,	'ar',	'validation',	'attributes.description',	'الوصف',	'2022-04-25 21:34:33',	'2022-04-27 01:17:57'),
(766,	0,	'ar',	'validation',	'attributes.excerpt',	'المُلخص',	'2022-04-25 21:34:33',	'2022-04-27 01:17:57'),
(767,	0,	'ar',	'validation',	'attributes.date',	'التاريخ',	'2022-04-25 21:34:33',	'2022-04-27 01:17:57'),
(768,	0,	'ar',	'validation',	'attributes.time',	'الوقت',	'2022-04-25 21:34:33',	'2022-04-27 01:17:57'),
(769,	0,	'ar',	'validation',	'attributes.available',	'مُتاح',	'2022-04-25 21:34:33',	'2022-04-27 01:17:57'),
(770,	0,	'ar',	'validation',	'attributes.size',	'الحجم',	'2022-04-25 21:34:33',	'2022-04-27 01:17:57'),
(771,	0,	'ar',	'validation',	'attributes.price',	'السعر',	'2022-04-25 21:34:33',	'2022-04-27 01:17:57'),
(772,	0,	'ar',	'validation',	'attributes.desc',	'نبذه',	'2022-04-25 21:34:33',	'2022-04-27 01:17:57'),
(773,	0,	'ar',	'validation',	'attributes.title',	'العنوان',	'2022-04-25 21:34:33',	'2022-04-27 01:17:57'),
(774,	0,	'ar',	'validation',	'attributes.q',	'البحث',	'2022-04-25 21:34:33',	'2022-04-27 01:17:57'),
(775,	0,	'ar',	'validation',	'attributes.link',	' ',	'2022-04-25 21:34:33',	'2022-04-27 01:17:57'),
(776,	0,	'ar',	'validation',	'attributes.slug',	' ',	'2022-04-25 21:34:33',	'2022-04-27 01:17:57'),
(777,	0,	'en',	'auth',	'verify_phone.subtitle',	'Enter 6-digit verification code sent to your phone number.',	'2022-04-25 21:34:34',	'2022-04-27 01:17:57'),
(778,	0,	'en',	'auth',	'verify_phone.input',	'6-digit mobile verification code',	'2022-04-25 21:34:34',	'2022-04-27 01:17:57'),
(779,	0,	'en',	'auth',	'provider.title',	'Register company details',	'2022-04-25 21:34:34',	'2022-04-27 01:17:57'),
(780,	0,	'en',	'auth',	'provider.account',	'Account',	'2022-04-25 21:34:34',	'2022-04-27 01:17:57'),
(781,	0,	'en',	'auth',	'provider.verify',	'Verification',	'2022-04-25 21:34:34',	'2022-04-27 01:17:57'),
(782,	0,	'en',	'auth',	'account.title',	'Account Credentials',	'2022-04-25 21:34:34',	'2022-04-27 01:17:57'),
(783,	0,	'en',	'auth',	'account.subtitle',	'Create your first account to login to your dashboard',	'2022-04-25 21:34:34',	'2022-04-27 01:17:57'),
(784,	0,	'en',	'auth',	'step',	'This is step :n',	'2022-04-25 21:34:34',	'2022-04-27 01:17:57'),
(785,	0,	'en',	'crud',	'all',	'All',	'2022-04-25 21:34:34',	'2022-04-27 01:17:57'),
(786,	0,	'en',	'crud',	'confirm',	'Confirm',	'2022-04-25 21:34:34',	'2022-04-27 01:17:57'),
(787,	0,	'en',	'crud',	'submit',	'Submit',	'2022-04-25 21:34:34',	'2022-04-27 01:17:57'),
(788,	0,	'en',	'crud',	'select',	'Select',	'2022-04-25 21:34:34',	'2022-04-27 01:17:57'),
(789,	0,	'en',	'crud',	'remove',	'Remove',	'2022-04-25 21:34:34',	'2022-04-27 01:17:57'),
(790,	0,	'en',	'crud',	'close',	'Close',	'2022-04-25 21:34:34',	'2022-04-27 01:17:57'),
(791,	0,	'en',	'crud',	'print',	'Print',	'2022-04-25 21:34:34',	'2022-04-27 01:17:57'),
(792,	0,	'en',	'crud',	'payment',	'Proceed to Payment',	'2022-04-25 21:34:34',	'2022-04-27 01:17:57'),
(793,	0,	'en',	'crud',	'subscribe',	'Subscribe',	'2022-04-25 21:34:34',	'2022-04-27 01:17:57'),
(794,	0,	'en',	'msg',	'account',	'Account',	'2022-04-25 21:34:34',	'2022-04-27 01:17:57'),
(795,	0,	'en',	'msg',	'ignore_email',	'Please ignore this email if you didn\'t register with us, thank you!',	'2022-04-25 21:34:34',	'2022-04-27 01:17:57'),
(796,	0,	'en',	'msg',	'my_complaints',	'My complaints',	'2022-04-25 21:34:34',	'2022-04-27 01:17:57'),
(797,	0,	'en',	'msg',	'contact',	'Contact us',	'2022-04-25 21:34:34',	'2022-04-27 01:17:57'),
(798,	0,	'en',	'msg',	'please_wait_for_provider_approval_to_do_the_payment_and_complete_the_order',	'Please wait for the company approval to do the payment and complete the order',	'2022-04-25 21:34:34',	'2022-04-27 01:17:57'),
(799,	0,	'en',	'msg',	'please_do_the_payment_and_complete_the_order',	'Please do the payment and complete the order',	'2022-04-25 21:34:34',	'2022-04-27 01:17:57'),
(800,	0,	'en',	'msg',	'the_payment_link_is_not_valid',	'The payment link is not valid',	'2022-04-25 21:34:34',	'2022-04-27 01:17:57'),
(801,	0,	'en',	'msg',	'unauthorized',	'You are not allowed to do this action',	'2022-04-25 21:34:34',	'2022-04-27 01:17:57'),
(802,	0,	'en',	'msg',	'orders',	'Orders',	'2022-04-25 21:34:34',	'2022-04-27 01:17:57'),
(803,	0,	'en',	'msg',	'from',	'From',	'2022-04-25 21:34:34',	'2022-04-27 01:17:57'),
(804,	0,	'en',	'msg',	'yes',	'Yes',	'2022-04-25 21:34:34',	'2022-04-27 01:17:57'),
(805,	0,	'en',	'msg',	'no',	'No',	'2022-04-25 21:34:34',	'2022-04-27 01:17:57'),
(806,	0,	'en',	'msg',	'taken',	'Taken',	'2022-04-25 21:34:34',	'2022-04-27 01:17:57'),
(807,	0,	'en',	'msg',	'calender',	'Calender',	'2022-04-25 21:34:34',	'2022-04-27 01:17:57'),
(808,	0,	'en',	'msg',	'send_message',	'Send Message',	'2022-04-25 21:34:34',	'2022-04-27 01:17:57'),
(809,	0,	'en',	'msg',	'about',	'About Us',	'2022-04-25 21:34:34',	'2022-04-27 01:17:57'),
(810,	0,	'en',	'msg',	'services',	'Our Services',	'2022-04-25 21:34:34',	'2022-04-27 01:17:57'),
(811,	0,	'en',	'msg',	'enter_your_email',	'Enter Your Email',	'2022-04-25 21:34:34',	'2022-04-27 01:17:57'),
(812,	0,	'en',	'msg',	'send_your_feedback',	'Send Your Feedback',	'2022-04-25 21:34:34',	'2022-04-27 01:17:57'),
(813,	0,	'en',	'msg',	'click_here',	'Click here!',	'2022-04-25 21:34:34',	'2022-04-27 01:17:57'),
(814,	0,	'en',	'msg',	'search',	'Search',	'2022-04-25 21:34:34',	'2022-04-27 01:17:57'),
(815,	0,	'en',	'msg',	'type_your_search_keword',	'Type your search keyword',	'2022-04-25 21:34:34',	'2022-04-27 01:17:57'),
(816,	0,	'en',	'msg',	'trip_features',	'Select Features',	'2022-04-25 21:34:34',	'2022-04-27 01:17:57'),
(817,	0,	'en',	'msg',	'select',	'Select',	'2022-04-25 21:34:34',	'2022-04-27 01:17:57'),
(818,	0,	'en',	'msg',	'trip_starts_on',	'Trip starts on',	'2022-04-25 21:34:34',	'2022-04-27 01:17:57'),
(819,	0,	'en',	'msg',	'seats_only',	'seats available',	'2022-04-25 21:34:34',	'2022-04-27 01:17:57'),
(820,	0,	'en',	'msg',	'order_now',	'Order now',	'2022-04-25 21:34:34',	'2022-04-27 01:17:57'),
(821,	0,	'en',	'passwords',	'invalid',	'The link is no more valid, please request another!',	'2022-04-25 21:34:34',	'2022-04-27 01:17:57'),
(822,	0,	'en',	'passwords',	'success',	'You have reset your password successfully',	'2022-04-25 21:34:34',	'2022-04-27 01:17:57'),
(823,	0,	'ar',	'models/coupons',	'singular',	NULL,	'2022-04-27 01:18:11',	'2022-04-27 01:18:11'),
(824,	0,	'ar',	'models/coupons',	'plural',	NULL,	'2022-04-27 01:18:11',	'2022-04-27 01:18:11'),
(825,	0,	'ar',	'models/coupons',	'fields.discount',	NULL,	'2022-04-27 01:18:11',	'2022-04-27 01:18:11'),
(826,	0,	'ar',	'models/buses',	'active',	NULL,	'2022-04-27 01:18:11',	'2022-04-27 01:18:11'),
(827,	0,	'ar',	'models/buses',	'inactive',	NULL,	'2022-04-27 01:18:11',	'2022-04-27 01:18:11'),
(828,	0,	'ar',	'models/coupons',	'fields.status',	NULL,	'2022-04-27 01:18:11',	'2022-04-27 01:18:11'),
(829,	0,	'ar',	'models/coupons',	'status.pending',	NULL,	'2022-04-27 01:18:11',	'2022-04-27 01:18:11'),
(830,	0,	'ar',	'models/coupons',	'status.approved',	NULL,	'2022-04-27 01:18:11',	'2022-04-27 01:18:11'),
(831,	0,	'ar',	'models/coupons',	'status.rejected',	NULL,	'2022-04-27 01:18:11',	'2022-04-27 01:18:11'),
(832,	0,	'ar',	'models/coupons',	'fields.admin_notes',	NULL,	'2022-04-27 01:18:11',	'2022-04-27 01:18:11'),
(833,	0,	'ar',	'models/users',	'fields.wallet',	NULL,	'2022-04-27 01:18:11',	'2022-04-27 01:18:11'),
(834,	0,	'ar',	'models/buses',	'fields.active',	NULL,	'2022-04-27 01:18:11',	'2022-04-27 01:18:11'),
(835,	0,	'ar',	'models/coupons',	'fields.name',	NULL,	'2022-04-27 01:18:11',	'2022-04-27 01:18:11'),
(836,	0,	'ar',	'models/coupons',	'fields.date_from',	NULL,	'2022-04-27 01:18:11',	'2022-04-27 01:18:11'),
(837,	0,	'ar',	'models/coupons',	'fields.date_to',	NULL,	'2022-04-27 01:18:11',	'2022-04-27 01:18:11'),
(838,	0,	'ar',	'models/coupons',	'fields.type',	NULL,	'2022-04-27 01:18:11',	'2022-04-27 01:18:11'),
(839,	0,	'ar',	'models/coupons',	'types.amount',	NULL,	'2022-04-27 01:18:11',	'2022-04-27 01:18:11'),
(840,	0,	'ar',	'models/coupons',	'types.percentage',	NULL,	'2022-04-27 01:18:11',	'2022-04-27 01:18:11'),
(841,	0,	'ar',	'models/packages',	'fields.fees',	NULL,	'2022-04-27 01:18:11',	'2022-04-27 01:18:11'),
(842,	0,	'ar',	'models/packages',	'fields.starting_city_id',	NULL,	'2022-04-27 01:18:11',	'2022-04-27 01:18:11'),
(843,	0,	'ar',	'models/packages',	'fields.date_from',	NULL,	'2022-04-27 01:18:11',	'2022-04-27 01:18:11'),
(844,	0,	'ar',	'models/packages',	'fields.time_from',	NULL,	'2022-04-27 01:18:11',	'2022-04-27 01:18:11'),
(845,	0,	'ar',	'models/packages',	'fields.description',	NULL,	'2022-04-27 01:18:11',	'2022-04-27 01:18:11'),
(846,	0,	'ar',	'models/packages',	'fields.auto_approve',	NULL,	'2022-04-27 01:18:11',	'2022-04-27 01:18:11'),
(847,	0,	'ar',	'models/packages',	'fields.additional',	NULL,	'2022-04-27 01:18:11',	'2022-04-27 01:18:11'),
(848,	0,	'ar',	'models/trips',	'fields.destination_id',	NULL,	'2022-04-27 01:18:11',	'2022-04-27 01:18:11'),
(849,	0,	'ar',	'models/trips',	'fields.additional',	NULL,	'2022-04-27 01:18:11',	'2022-04-27 01:18:11'),
(850,	0,	'en',	'models/cities',	'fields.name',	'Name',	'2022-05-11 07:27:32',	'2022-05-11 07:46:16'),
(851,	0,	'en',	'models/cities',	'plural',	'Cities',	'2022-05-11 07:27:38',	'2022-05-11 07:46:16'),
(852,	0,	'en',	'models/cities',	'singular',	'City',	'2022-05-11 07:27:41',	'2022-05-11 07:46:16');

DROP TABLE IF EXISTS `migrations`;
CREATE TABLE `migrations` (
  `id` int(10) unsigned NOT NULL AUTO_INCREMENT,
  `migration` varchar(255) COLLATE utf8mb4_unicode_ci NOT NULL,
  `batch` int(11) NOT NULL,
  PRIMARY KEY (`id`)
) ENGINE=InnoDB DEFAULT CHARSET=utf8mb4 COLLATE=utf8mb4_unicode_ci;

INSERT INTO `migrations` (`id`, `migration`, `batch`) VALUES
(11,	'2014_10_12_000000_create_users_table',	1),
(12,	'2014_10_12_100000_create_password_resets_table',	1),
(13,	'2017_03_06_023521_create_admins_table',	1),
(16,	'2019_08_19_000000_create_failed_jobs_table',	1),
(20,	'2019_12_14_000001_create_personal_access_tokens_table',	1),
(21,	'2022_03_15_085038_create_notifications_table',	2),
(22,	'2022_03_16_111927_create_providers_table',	3),
(23,	'2014_04_02_193005_create_translations_table',	4),
(24,	'2022_03_21_062226_create_contacts_table',	5),
(25,	'2022_03_22_051102_create_settings_table',	6),
(26,	'2022_03_22_080227_create_cities_table',	7),
(27,	'2022_03_22_080434_create_categories_table',	8),
(28,	'2022_03_22_104832_create_accounts_table',	9),
(29,	'2022_03_22_112125_create_provider_cities_table',	10),
(30,	'2022_03_24_005123_create_buses_table',	11),
(31,	'2022_03_28_084224_create_bus_orders_table',	12),
(32,	'2022_04_07_083225_create_destinations_table',	13),
(33,	'2022_04_11_044730_create_packages_table',	14),
(34,	'2022_04_011_044760_create_package_cities_table',	15),
(35,	'2022_04_21_015957_create_features_table',	16),
(36,	'2022_04_21_021224_create_services_table',	17),
(37,	'2022_04_21_061908_create_emails_table',	18),
(38,	'2022_04_25_231026_create_additionals_table',	19),
(39,	'2022_04_25_231421_create_terminals_table',	20),
(40,	'2022_04_26_214740_create_coupons_table',	21);

DROP TABLE IF EXISTS `notifications`;
CREATE TABLE `notifications` (
  `id` bigint(20) unsigned NOT NULL AUTO_INCREMENT,
  `title` varchar(255) COLLATE utf8mb4_unicode_ci NOT NULL,
  `text` text COLLATE utf8mb4_unicode_ci NOT NULL,
  `url` varchar(255) COLLATE utf8mb4_unicode_ci DEFAULT NULL,
  `icon` varchar(100) COLLATE utf8mb4_unicode_ci DEFAULT NULL,
  `type` enum('primary','info','success','warning','danger') COLLATE utf8mb4_unicode_ci NOT NULL,
  `to` enum('admin','user','provider') COLLATE utf8mb4_unicode_ci NOT NULL,
  `admin_id` bigint(20) unsigned DEFAULT NULL,
  `user_id` bigint(20) unsigned DEFAULT NULL,
  `provider_id` bigint(20) unsigned DEFAULT NULL,
  `account_id` bigint(20) unsigned DEFAULT NULL,
  `read_at` timestamp NULL DEFAULT NULL,
  `created_at` timestamp NULL DEFAULT NULL,
  `updated_at` timestamp NULL DEFAULT NULL,
  PRIMARY KEY (`id`),
  KEY `account_id` (`account_id`),
  KEY `admin_id` (`admin_id`),
  KEY `user_id` (`user_id`),
  KEY `provider_id` (`provider_id`),
  CONSTRAINT `notifications_ibfk_2` FOREIGN KEY (`account_id`) REFERENCES `accounts` (`id`) ON DELETE CASCADE ON UPDATE CASCADE,
  CONSTRAINT `notifications_ibfk_4` FOREIGN KEY (`admin_id`) REFERENCES `admins` (`id`) ON DELETE CASCADE ON UPDATE CASCADE,
  CONSTRAINT `notifications_ibfk_6` FOREIGN KEY (`user_id`) REFERENCES `users` (`id`) ON DELETE CASCADE ON UPDATE CASCADE,
  CONSTRAINT `notifications_ibfk_7` FOREIGN KEY (`provider_id`) REFERENCES `providers` (`id`) ON DELETE CASCADE ON UPDATE CASCADE
) ENGINE=InnoDB DEFAULT CHARSET=utf8mb4 COLLATE=utf8mb4_unicode_ci;

INSERT INTO `notifications` (`id`, `title`, `text`, `url`, `icon`, `type`, `to`, `admin_id`, `user_id`, `provider_id`, `account_id`, `read_at`, `created_at`, `updated_at`) VALUES
(1,	'Welcome !',	'Welcome to our laravel app.\r\nIt is a long established fact that a reader will be distracted by the readable content of a page when looking at its layout. The point of using Lorem Ipsum is that it has a more-or-less normal distribution of letters',	NULL,	'icon-heart',	'primary',	'admin',	1,	NULL,	NULL,	NULL,	'2022-03-17 01:26:07',	'2022-03-15 18:05:32',	'2022-03-17 01:26:07'),
(2,	'Test',	'This will specifically look for the admin guard and nothing else so guest means that the admin is not logged in and it doesn’t care if a user from web guard is logged in or not.',	'http://localhost/startup-laravel',	NULL,	'info',	'user',	NULL,	1,	NULL,	NULL,	'2022-03-28 03:04:22',	'2022-03-16 03:32:11',	'2022-03-28 03:04:22'),
(3,	'Test For All User.',	'This will specifically look for the admin guard and nothing else so guest means that the admin is not logged in and it doesn’t care if a user from web guard is logged in or not. You can also use it inside a route.',	NULL,	'ti-settings',	'info',	'user',	NULL,	NULL,	NULL,	NULL,	'2022-03-28 03:04:31',	'2022-03-17 00:31:04',	'2022-03-28 03:04:31'),
(4,	'Test For User.',	'This will specifically look for the admin guard and nothing else so guest means that the admin is not logged in and it doesn’t care if a user from web guard is logged in or not. You can also use it inside a route.',	NULL,	'ti-settings',	'info',	'user',	NULL,	2,	NULL,	NULL,	NULL,	'2022-03-17 00:31:04',	'2022-03-17 00:31:04'),
(5,	'test',	'Dear USer\r\n\r\nLorem ipsum dolor sit amet, consectetuer adipiscing elit. Aenean commodo ligula eget dolor. Aenean massa. Cum sociis natoque penatibus et magnis dis parturient montes, nascetur ridiculus ',	'http://localhost/qbus/contacts/3',	'icon-info',	'info',	'user',	NULL,	1,	NULL,	NULL,	'2022-04-06 02:57:09',	'2022-03-28 02:35:19',	'2022-04-06 02:57:09'),
(6,	'New bus order #2',	'A new order has just been created by user <b> user </b>, \n                order is approved, please click to check more details.',	'http://localhost/qbus/provider/busOrders/2',	'ti-truck',	'primary',	'provider',	NULL,	NULL,	18,	NULL,	NULL,	'2022-04-04 03:06:47',	'2022-04-04 03:06:47'),
(7,	'New bus order #16',	'A new order has just been created by user <b> user </b>, \n                order is approved, please click to check more details.',	'http://localhost/qbus/provider/busOrders/16',	'ti-truck',	'primary',	'provider',	NULL,	NULL,	18,	NULL,	NULL,	'2022-04-04 03:24:23',	'2022-04-04 03:24:23'),
(8,	'New bus order #17',	'A new order has just been created by user <b> user </b>, \n                order is approved, please click to check more details.',	'http://localhost/qbus/provider/busOrders/17',	'ti-truck',	'primary',	'provider',	NULL,	NULL,	18,	NULL,	NULL,	'2022-04-04 03:51:29',	'2022-04-04 03:51:29'),
(9,	'New bus order #18',	'A new order has just been created by user <b> user </b>, \n                order is pending, please click to check more details.',	'http://localhost/qbus/provider/busOrders/18',	'ti-truck',	'primary',	'provider',	NULL,	NULL,	1,	NULL,	'2022-04-04 07:39:19',	'2022-04-04 07:35:58',	'2022-04-04 07:39:19'),
(10,	'Order #18',	'Your order has been created successfully, \n                order is pending, please click to check more details.',	'http://localhost/qbus/busOrders/18',	'ti-truck',	'primary',	'user',	NULL,	1,	NULL,	NULL,	'2022-04-04 07:36:19',	'2022-04-04 07:35:58',	'2022-04-04 07:36:19'),
(11,	'Order #18',	'Your order is approved, please do the payment to complete the order.',	'http://localhost/qbus/busOrders/18',	'ti-check',	'success',	'user',	NULL,	1,	NULL,	NULL,	'2022-04-06 01:59:34',	'2022-04-06 01:59:10',	'2022-04-06 01:59:34'),
(12,	'Order #18',	'Your order is canceled, please click to check more details.',	'http://localhost/qbus/provider/busOrders/18',	'ti-close',	'danger',	'provider',	NULL,	NULL,	1,	NULL,	'2022-04-06 02:45:41',	'2022-04-06 02:32:38',	'2022-04-06 02:45:41'),
(13,	'New bus order #20',	'A new order has just been created by user <b> user </b>, \n                order is approved, please click to check more details.',	'http://localhost/qbus/provider/busOrders/20',	'ti-truck',	'primary',	'provider',	NULL,	NULL,	1,	NULL,	'2022-04-12 02:41:25',	'2022-04-12 02:37:13',	'2022-04-12 02:41:25'),
(14,	'Order #20',	'Your order has been created successfully, \n                order is approved, please click to check more details.',	'http://localhost/qbus/busOrders/20',	'ti-truck',	'primary',	'user',	NULL,	1,	NULL,	NULL,	NULL,	'2022-04-12 02:37:13',	'2022-04-12 02:37:13'),
(15,	'Trip Order #1',	'Your order is models/trips.status.approved, please do the payment to complete the order.',	'http://localhost/qbus/trips/1',	'ti-check',	'success',	'user',	NULL,	1,	NULL,	NULL,	NULL,	'2022-04-14 02:55:23',	'2022-04-14 02:55:23'),
(16,	'Trip Order #1',	'Your order is models/trips.status.approved, please do the payment to complete the order.',	'http://localhost/qbus/trips/1',	'ti-check',	'success',	'user',	NULL,	1,	NULL,	NULL,	NULL,	'2022-04-14 02:56:21',	'2022-04-14 02:56:21'),
(17,	'Order #20',	'Your order is approved, please do the payment to complete the order.',	'http://localhost/qbus/busOrders/20',	'ti-check',	'success',	'user',	NULL,	1,	NULL,	NULL,	NULL,	'2022-04-14 02:58:21',	'2022-04-14 02:58:21'),
(22,	'Trip Order #10',	'New reservation is ordered for trip #22 : Lorem Ipsum2, please click to check more details.',	'http://localhost/qbus/provider/tripOrders/10',	'ti-shopping-cart',	'info',	'provider',	NULL,	NULL,	1,	NULL,	NULL,	'2022-04-21 17:28:20',	'2022-04-21 17:28:20'),
(23,	'Trip Order #10',	'Your order is created successfully for trip #22 : Lorem Ipsum2, please click to check more details.',	'http://localhost/qbus/tripOrders/10',	'ti-shopping-cart',	'info',	'user',	NULL,	1,	NULL,	NULL,	NULL,	'2022-04-21 17:28:20',	'2022-04-21 17:28:20'),
(24,	'Trip Order #11',	'New reservation is ordered for trip #22 : Lorem Ipsum2, please click to check more details.',	'http://localhost/qbus/provider/tripOrders/11',	'ti-shopping-cart',	'info',	'provider',	NULL,	NULL,	1,	NULL,	NULL,	'2022-04-21 17:29:36',	'2022-04-21 17:29:36'),
(25,	'Trip Order #11',	'Your order is created successfully for trip #22 : Lorem Ipsum2, please click to check more details.',	'http://localhost/qbus/tripOrders/11',	'ti-shopping-cart',	'info',	'user',	NULL,	1,	NULL,	NULL,	NULL,	'2022-04-21 17:29:36',	'2022-04-21 17:29:36'),
(26,	'Trip Order #12',	'New reservation is ordered for trip #22 : Lorem Ipsum2, please click to check more details.',	'http://localhost/qbus/provider/tripOrders/12',	'ti-shopping-cart',	'info',	'provider',	NULL,	NULL,	1,	NULL,	NULL,	'2022-04-21 17:29:48',	'2022-04-21 17:29:48'),
(27,	'Trip Order #12',	'Your order is created successfully for trip #22 : Lorem Ipsum2, please click to check more details.',	'http://localhost/qbus/tripOrders/12',	'ti-shopping-cart',	'info',	'user',	NULL,	1,	NULL,	NULL,	NULL,	'2022-04-21 17:29:48',	'2022-04-21 17:29:48'),
(28,	'Trip Order #13',	'New reservation is ordered for trip #22 : Lorem Ipsum2, please click to check more details.',	'http://localhost/qbus/provider/tripOrders/13',	'ti-shopping-cart',	'info',	'provider',	NULL,	NULL,	1,	NULL,	NULL,	'2022-04-21 17:30:52',	'2022-04-21 17:30:52'),
(29,	'Trip Order #13',	'Your order is created successfully for trip #22 : Lorem Ipsum2, please click to check more details.',	'http://localhost/qbus/tripOrders/13',	'ti-shopping-cart',	'info',	'user',	NULL,	1,	NULL,	NULL,	NULL,	'2022-04-21 17:30:52',	'2022-04-21 17:30:52'),
(30,	'Trip Order #14',	'New reservation is ordered for trip #22 : Lorem Ipsum2, please click to check more details.',	'http://localhost/qbus/provider/tripOrders/14',	'ti-shopping-cart',	'info',	'provider',	NULL,	NULL,	1,	NULL,	NULL,	'2022-04-21 17:32:16',	'2022-04-21 17:32:16'),
(31,	'Trip Order #14',	'Your order is created successfully for trip #22 : Lorem Ipsum2, please click to check more details.',	'http://localhost/qbus/tripOrders/14',	'ti-shopping-cart',	'info',	'user',	NULL,	1,	NULL,	NULL,	NULL,	'2022-04-21 17:32:16',	'2022-04-21 17:32:16'),
(32,	'Trip Order #15',	'New reservation is ordered for trip #22 : Lorem Ipsum2, please click to check more details.',	'http://localhost/qbus/provider/tripOrders/15',	'ti-shopping-cart',	'info',	'provider',	NULL,	NULL,	1,	NULL,	NULL,	'2022-04-21 17:35:14',	'2022-04-21 17:35:14'),
(33,	'Trip Order #15',	'Your order is created successfully for trip #22 : Lorem Ipsum2, please click to check more details.',	'http://localhost/qbus/tripOrders/15',	'ti-shopping-cart',	'info',	'user',	NULL,	1,	NULL,	NULL,	NULL,	'2022-04-21 17:35:14',	'2022-04-21 17:35:14'),
(34,	'Trip Order #16',	'New reservation is ordered for trip #22 : Lorem Ipsum2, please click to check more details.',	'http://localhost/qbus/provider/tripOrders/16',	'ti-shopping-cart',	'info',	'provider',	NULL,	NULL,	1,	NULL,	NULL,	'2022-04-25 03:18:28',	'2022-04-25 03:18:28'),
(35,	'Trip Order #16',	'Your order is created successfully for trip #22 : Lorem Ipsum2, please click to check more details.',	'http://localhost/qbus/tripOrders/16',	'ti-shopping-cart',	'info',	'user',	NULL,	1,	NULL,	NULL,	NULL,	'2022-04-25 03:18:28',	'2022-04-25 03:18:28'),
(36,	'Trip Order #17',	'New reservation is ordered for trip #22 : Lorem Ipsum2, please click to check more details.',	'http://localhost/qbus/provider/tripOrders/17',	'ti-shopping-cart',	'info',	'provider',	NULL,	NULL,	1,	NULL,	NULL,	'2022-04-25 03:32:54',	'2022-04-25 03:32:54'),
(37,	'Trip Order #17',	'Your order is created successfully for trip #22 : Lorem Ipsum2, please click to check more details.',	'http://localhost/qbus/tripOrders/17',	'ti-shopping-cart',	'info',	'user',	NULL,	1,	NULL,	NULL,	NULL,	'2022-04-25 03:32:54',	'2022-04-25 03:32:54'),
(38,	'Trip Order #18',	'New reservation is ordered for trip #22 : Lorem Ipsum2, please click to check more details.',	'http://localhost/qbus/provider/tripOrders/18',	'ti-shopping-cart',	'info',	'provider',	NULL,	NULL,	1,	NULL,	NULL,	'2022-04-25 03:42:42',	'2022-04-25 03:42:42'),
(39,	'Trip Order #18',	'Your order is created successfully for trip #22 : Lorem Ipsum2, please click to check more details.',	'http://localhost/qbus/tripOrders/18',	'ti-shopping-cart',	'info',	'user',	NULL,	1,	NULL,	NULL,	NULL,	'2022-04-25 03:42:42',	'2022-04-25 03:42:42'),
(40,	'Trip Order #19',	'New reservation is ordered for trip #22 : Lorem Ipsum2, please click to check more details.',	'http://localhost/qbus/provider/tripOrders/19',	'ti-shopping-cart',	'info',	'provider',	NULL,	NULL,	1,	NULL,	NULL,	'2022-04-25 04:04:37',	'2022-04-25 04:04:37'),
(41,	'Trip Order #19',	'Your order is created successfully for trip #22 : Lorem Ipsum2, please click to check more details.',	'http://localhost/qbus/tripOrders/19',	'ti-shopping-cart',	'info',	'user',	NULL,	1,	NULL,	NULL,	NULL,	'2022-04-25 04:04:37',	'2022-04-25 04:04:37'),
(42,	'Trip Order #20',	'New reservation is ordered for trip #22 : Lorem Ipsum2, please click to check more details.',	'http://localhost/qbus/provider/tripOrders/20',	'ti-shopping-cart',	'info',	'provider',	NULL,	NULL,	1,	NULL,	NULL,	'2022-04-25 04:04:55',	'2022-04-25 04:04:55'),
(43,	'Trip Order #20',	'Your order is created successfully for trip #22 : Lorem Ipsum2, please click to check more details.',	'http://localhost/qbus/tripOrders/20',	'ti-shopping-cart',	'info',	'user',	NULL,	1,	NULL,	NULL,	NULL,	'2022-04-25 04:04:55',	'2022-04-25 04:04:55'),
(44,	'TripOrder#14',	'test cancelation from the admin side.',	'http://localhost/qbus/tripOrders/14',	'icon-info',	'danger',	'user',	NULL,	1,	NULL,	NULL,	NULL,	'2022-05-09 02:47:52',	'2022-05-09 02:47:52'),
(45,	'Trip Order #14',	'Your order is models/trips.status.approved, please do the payment to complete the order.',	'http://localhost/qbus/trips/14',	'ti-check',	'success',	'user',	NULL,	1,	NULL,	NULL,	NULL,	'2022-05-09 05:19:44',	'2022-05-09 05:19:44'),
(46,	'Trip Order #14',	'Your order is models/trips.status.rejected, please click to check more details.',	'http://localhost/qbus/trips/14',	'ti-close',	'danger',	'user',	NULL,	1,	NULL,	NULL,	NULL,	'2022-05-09 05:33:46',	'2022-05-09 05:33:46'),
(47,	'Trip Order #21',	'Your order is created successfully for trip #34, please click to check more details.',	'http://localhost/qbus/tripOrders/21',	'ti-shopping-cart',	'info',	'user',	NULL,	5,	NULL,	NULL,	NULL,	'2022-05-09 11:08:47',	'2022-05-09 11:08:47'),
(48,	'Trip Order #22',	'Your order is created successfully for trip #34, please click to check more details.',	'http://localhost/qbus/tripOrders/22',	'ti-shopping-cart',	'info',	'user',	NULL,	2,	NULL,	NULL,	NULL,	'2022-05-09 11:29:08',	'2022-05-09 11:29:08'),
(49,	'Trip #34',	'It is a long established fact that a reader will be distracted by the readable content of a page when looking at its layout.',	'http://localhost/qbus/tripOrders/14',	'ti-info',	'info',	'user',	NULL,	1,	NULL,	NULL,	NULL,	'2022-05-10 02:12:27',	'2022-05-10 02:12:27'),
(50,	'Trip #34',	'It is a long established fact that a reader will be distracted by the readable content of a page when looking at its layout.',	'http://localhost/qbus/tripOrders/21',	'ti-info',	'info',	'user',	NULL,	5,	NULL,	NULL,	NULL,	'2022-05-10 02:12:27',	'2022-05-10 02:12:27'),
(51,	'Trip #34',	'It is a long established fact that a reader will be distracted by the readable content of a page when looking at its layout.',	'http://localhost/qbus/tripOrders/22',	'ti-info',	'info',	'user',	NULL,	2,	NULL,	NULL,	NULL,	'2022-05-10 02:12:27',	'2022-05-10 02:12:27'),
(52,	'Package Order #1',	'Your order is models/packages.status.rejected, please click to check more details.',	'http://localhost/qbus/packageOrders/1',	'ti-close',	'danger',	'user',	NULL,	1,	NULL,	NULL,	NULL,	'2022-05-10 22:04:05',	'2022-05-10 22:04:05'),
(53,	'Package Order #10',	'Your order is models/packages.status.approved, please do the payment to complete the order.',	'http://localhost/qbus/packageOrders/10',	'ti-check',	'success',	'user',	NULL,	1,	NULL,	NULL,	NULL,	'2022-05-10 22:05:13',	'2022-05-10 22:05:13'),
(54,	'Package Order #21',	'Your order is created successfully for package #9 Package 1, please click to check more details.',	'http://localhost/qbus/packageOrders/21',	'ti-shopping-cart',	'info',	'user',	NULL,	2,	NULL,	NULL,	NULL,	'2022-05-10 22:14:08',	'2022-05-10 22:14:08'),
(55,	'PackageOrder#21',	'test',	'http://localhost/qbus/packageOrders/21',	'icon-info',	'danger',	'user',	NULL,	2,	NULL,	NULL,	NULL,	'2022-05-11 07:25:15',	'2022-05-11 07:25:15'),
(56,	'BusOrder#2',	'test',	'http://localhost/qbus/busOrders/2',	'icon-info',	'danger',	'user',	NULL,	1,	NULL,	NULL,	NULL,	'2022-05-11 08:20:58',	'2022-05-11 08:20:58'),
(57,	'Order #17',	'Your order is rejected, please click to check more details.',	'http://localhost/qbus/busOrders/17',	'ti-close',	'danger',	'user',	NULL,	1,	NULL,	NULL,	NULL,	'2022-05-11 08:32:16',	'2022-05-11 08:32:16'),
(58,	'Order #20',	'Your order is approved, please do the payment to complete the order.',	'http://localhost/qbus/busOrders/20',	'ti-check',	'success',	'user',	NULL,	1,	NULL,	NULL,	NULL,	'2022-05-11 08:34:49',	'2022-05-11 08:34:49');

DROP TABLE IF EXISTS `packages`;
CREATE TABLE `packages` (
  `id` bigint(20) unsigned NOT NULL AUTO_INCREMENT,
  `provider_id` bigint(20) unsigned NOT NULL,
  `name` json NOT NULL,
  `description` json DEFAULT NULL,
  `image` varchar(255) COLLATE utf8mb4_unicode_ci DEFAULT NULL,
  `destinations` json DEFAULT NULL,
  `fees` double NOT NULL,
  `starting_city_id` bigint(20) unsigned DEFAULT NULL,
  `date_from` varchar(255) COLLATE utf8mb4_unicode_ci NOT NULL,
  `time_from` varchar(255) COLLATE utf8mb4_unicode_ci NOT NULL,
  `provider_notes` text COLLATE utf8mb4_unicode_ci,
  `provider_archive` tinyint(3) unsigned NOT NULL DEFAULT '0',
  `auto_approve` tinyint(3) unsigned NOT NULL DEFAULT '0',
  `additional` json DEFAULT NULL,
  `created_at` timestamp NULL DEFAULT NULL,
  `updated_at` timestamp NULL DEFAULT NULL,
  PRIMARY KEY (`id`),
  KEY `packages_provider_id_foreign` (`provider_id`),
  KEY `starting_city_id` (`starting_city_id`),
  CONSTRAINT `packages_ibfk_2` FOREIGN KEY (`starting_city_id`) REFERENCES `cities` (`id`) ON DELETE SET NULL ON UPDATE CASCADE,
  CONSTRAINT `packages_provider_id_foreign` FOREIGN KEY (`provider_id`) REFERENCES `providers` (`id`) ON DELETE CASCADE ON UPDATE CASCADE
) ENGINE=InnoDB DEFAULT CHARSET=utf8mb4 COLLATE=utf8mb4_unicode_ci;

INSERT INTO `packages` (`id`, `provider_id`, `name`, `description`, `image`, `destinations`, `fees`, `starting_city_id`, `date_from`, `time_from`, `provider_notes`, `provider_archive`, `auto_approve`, `additional`, `created_at`, `updated_at`) VALUES
(9,	1,	'{\"ar\": \"حزمة 1\", \"en\": \"Package 1\"}',	'{\"ar\": \"هنالك العديد من الأنواع المتوفرة لنصوص لوريم إيبسوم، ولكن الغالبية تم تعديلها بشكل ما عبر إدخال بعض النوادر أو الكلمات العشوائية إلى النص. إن كنت تريد أن تستخدم نص لوريم إيبسوم ما، عليك أن تتحقق أولاً أن ليس هناك أي كلمات أو عبارات محرجة أو غير لائقة مخبأة في هذا النص.\", \"en\": \"There are many variations of passages of Lorem Ipsum available, but the majority have suffered alteration in some form, by injected humour, or randomised words which don\'t look even slightly believable\"}',	'1651008957_ca9ffc0170ff5ef6.png',	'[\"1\"]',	50,	2,	'2022-05-07',	'10:00',	NULL,	0,	0,	'{\"1\": {\"id\": \"2\", \"fees\": \"20\"}, \"2\": {\"id\": \"3\", \"fees\": \"10\"}}',	'2022-04-26 17:26:52',	'2022-04-27 01:04:50');

DROP TABLE IF EXISTS `package_orders`;
CREATE TABLE `package_orders` (
  `id` bigint(20) unsigned NOT NULL AUTO_INCREMENT,
  `package_id` bigint(20) unsigned DEFAULT NULL,
  `user_id` bigint(20) unsigned DEFAULT NULL,
  `provider_id` bigint(20) unsigned DEFAULT NULL,
  `count` int(10) unsigned NOT NULL DEFAULT '1',
  `fees` double(8,2) unsigned NOT NULL,
  `tax` double(8,2) unsigned DEFAULT NULL,
  `coupon_id` bigint(20) unsigned DEFAULT NULL,
  `total` double(8,2) unsigned DEFAULT NULL,
  `status` enum('pending','approved','rejected','paid','canceled') COLLATE utf8mb4_unicode_ci NOT NULL,
  `user_notes` text COLLATE utf8mb4_unicode_ci,
  `provider_notes` text COLLATE utf8mb4_unicode_ci,
  `admin_notes` text COLLATE utf8mb4_unicode_ci,
  `user_archive` tinyint(4) unsigned NOT NULL DEFAULT '0',
  `provider_archive` tinyint(4) unsigned NOT NULL DEFAULT '0',
  `created_at` timestamp NULL DEFAULT NULL,
  `updated_at` timestamp NULL DEFAULT NULL,
  PRIMARY KEY (`id`),
  KEY `package_id` (`package_id`),
  KEY `user_id` (`user_id`),
  KEY `provider_id` (`provider_id`),
  KEY `coupon_id` (`coupon_id`),
  KEY `admin_notes` (`admin_notes`(8)),
  CONSTRAINT `package_orders_ibfk_5` FOREIGN KEY (`package_id`) REFERENCES `packages` (`id`) ON DELETE SET NULL ON UPDATE CASCADE,
  CONSTRAINT `package_orders_ibfk_6` FOREIGN KEY (`user_id`) REFERENCES `users` (`id`) ON DELETE SET NULL ON UPDATE CASCADE,
  CONSTRAINT `package_orders_ibfk_7` FOREIGN KEY (`provider_id`) REFERENCES `providers` (`id`) ON DELETE SET NULL ON UPDATE CASCADE,
  CONSTRAINT `package_orders_ibfk_8` FOREIGN KEY (`coupon_id`) REFERENCES `coupons` (`id`) ON DELETE SET NULL ON UPDATE CASCADE
) ENGINE=InnoDB DEFAULT CHARSET=utf8mb4 COLLATE=utf8mb4_unicode_ci;

INSERT INTO `package_orders` (`id`, `package_id`, `user_id`, `provider_id`, `count`, `fees`, `tax`, `coupon_id`, `total`, `status`, `user_notes`, `provider_notes`, `admin_notes`, `user_archive`, `provider_archive`, `created_at`, `updated_at`) VALUES
(1,	9,	1,	1,	2,	80.00,	12.00,	NULL,	92.00,	'rejected',	'Lorem Ipsum is simply dummy text of the printing and typesetting industry.',	'test',	NULL,	0,	0,	'2022-04-14 05:48:57',	'2022-05-10 22:04:05'),
(10,	9,	1,	1,	1,	50.00,	7.50,	NULL,	57.50,	'approved',	NULL,	NULL,	NULL,	0,	0,	'2022-04-21 17:28:20',	'2022-05-10 22:05:13'),
(11,	9,	1,	1,	1,	50.00,	7.50,	NULL,	57.50,	'approved',	NULL,	NULL,	NULL,	0,	0,	'2022-04-21 17:29:36',	'2022-04-21 17:29:36'),
(12,	9,	1,	1,	1,	50.00,	7.50,	NULL,	57.50,	'approved',	NULL,	NULL,	NULL,	0,	0,	'2022-04-21 17:29:48',	'2022-04-21 17:29:48'),
(13,	9,	1,	1,	1,	50.00,	7.50,	NULL,	57.50,	'approved',	NULL,	NULL,	NULL,	0,	0,	'2022-04-21 17:30:52',	'2022-04-21 17:30:52'),
(14,	9,	1,	1,	2,	100.00,	15.00,	1,	92.00,	'approved',	NULL,	NULL,	NULL,	0,	0,	'2022-04-21 17:32:16',	'2022-04-21 17:32:16'),
(15,	9,	1,	1,	1,	50.00,	7.50,	NULL,	57.50,	'approved',	NULL,	NULL,	NULL,	0,	0,	'2022-04-21 17:35:14',	'2022-04-21 17:35:14'),
(16,	9,	1,	1,	1,	50.00,	7.50,	NULL,	57.50,	'approved',	NULL,	NULL,	NULL,	0,	0,	'2022-04-25 03:18:28',	'2022-04-25 03:18:28'),
(17,	9,	1,	1,	1,	50.00,	7.50,	NULL,	57.50,	'approved',	NULL,	NULL,	NULL,	0,	0,	'2022-04-25 03:32:54',	'2022-04-25 03:32:54'),
(18,	9,	1,	1,	1,	50.00,	7.50,	NULL,	57.50,	'approved',	NULL,	NULL,	NULL,	0,	0,	'2022-04-25 03:42:42',	'2022-04-25 03:42:42'),
(19,	9,	1,	1,	1,	50.00,	7.50,	NULL,	57.50,	'approved',	NULL,	NULL,	NULL,	0,	0,	'2022-04-25 04:04:37',	'2022-04-25 04:04:37'),
(20,	9,	1,	1,	1,	50.00,	7.50,	NULL,	57.50,	'approved',	NULL,	NULL,	NULL,	0,	0,	'2022-04-28 04:04:55',	'2022-04-25 04:04:55'),
(21,	9,	2,	1,	2,	100.00,	15.00,	1,	92.00,	'rejected',	NULL,	NULL,	'test',	0,	0,	'2022-05-10 22:14:08',	'2022-05-11 07:25:15');

DROP TABLE IF EXISTS `password_resets`;
CREATE TABLE `password_resets` (
  `email` varchar(255) COLLATE utf8mb4_unicode_ci NOT NULL,
  `token` varchar(255) COLLATE utf8mb4_unicode_ci NOT NULL,
  `created_at` timestamp NULL DEFAULT NULL,
  KEY `password_resets_email_index` (`email`)
) ENGINE=InnoDB DEFAULT CHARSET=utf8mb4 COLLATE=utf8mb4_unicode_ci;

INSERT INTO `password_resets` (`email`, `token`, `created_at`) VALUES
('user@email.com',	'$2y$10$ol3da27Xh.y.qRfA/8Uvaudy8M8mZ9qab7MeUYjt2w3WQLEOvuI8.',	'2022-03-10 04:48:11'),
('test@provider.com',	'$2y$10$B7FkdJvPjrWxdi3jIjnivuGENAvrLi.IEkjhTH9ipg8AQNNwGyc.m',	'2022-03-17 02:02:23'),
('anaaml761@gmail.com',	'$2y$10$Lr1uFNyYRoBIWebN4fOooO8GdfaMTaBGjyrLRGf2yACF3hoYb3laq',	'2022-03-18 11:22:09'),
('acoad@email.com',	'$2y$10$UxhGMg6G4hFFfso0BZC2UOeZSyBq3toN6gTLeLyPFvPxRXbX.7kMe',	'2022-05-11 08:59:11');

DROP TABLE IF EXISTS `personal_access_tokens`;
CREATE TABLE `personal_access_tokens` (
  `id` bigint(20) unsigned NOT NULL AUTO_INCREMENT,
  `tokenable_type` varchar(255) COLLATE utf8mb4_unicode_ci NOT NULL,
  `tokenable_id` bigint(20) unsigned NOT NULL,
  `name` varchar(255) COLLATE utf8mb4_unicode_ci NOT NULL,
  `token` varchar(64) COLLATE utf8mb4_unicode_ci NOT NULL,
  `abilities` text COLLATE utf8mb4_unicode_ci,
  `last_used_at` timestamp NULL DEFAULT NULL,
  `created_at` timestamp NULL DEFAULT NULL,
  `updated_at` timestamp NULL DEFAULT NULL,
  PRIMARY KEY (`id`),
  UNIQUE KEY `personal_access_tokens_token_unique` (`token`),
  KEY `personal_access_tokens_tokenable_type_tokenable_id_index` (`tokenable_type`,`tokenable_id`)
) ENGINE=InnoDB DEFAULT CHARSET=utf8mb4 COLLATE=utf8mb4_unicode_ci;


DROP TABLE IF EXISTS `providers`;
CREATE TABLE `providers` (
  `id` bigint(20) unsigned NOT NULL AUTO_INCREMENT,
  `name` varchar(255) COLLATE utf8mb4_unicode_ci NOT NULL,
  `email` varchar(255) COLLATE utf8mb4_unicode_ci NOT NULL,
  `phone` varchar(255) COLLATE utf8mb4_unicode_ci NOT NULL,
  `comm_name` varchar(255) COLLATE utf8mb4_unicode_ci NOT NULL,
  `comm_reg_num` varchar(255) COLLATE utf8mb4_unicode_ci NOT NULL,
  `comm_reg_img` varchar(255) COLLATE utf8mb4_unicode_ci NOT NULL,
  `tax_cert_num` varchar(255) COLLATE utf8mb4_unicode_ci NOT NULL,
  `address` varchar(255) COLLATE utf8mb4_unicode_ci NOT NULL,
  `image` varchar(255) COLLATE utf8mb4_unicode_ci DEFAULT NULL,
  `notes` text COLLATE utf8mb4_unicode_ci,
  `approve` tinyint(4) NOT NULL DEFAULT '0',
  `block` tinyint(4) NOT NULL DEFAULT '0',
  `block_notes` text COLLATE utf8mb4_unicode_ci,
  `email_verification_code` varchar(100) COLLATE utf8mb4_unicode_ci DEFAULT NULL,
  `phone_verification_code` varchar(100) COLLATE utf8mb4_unicode_ci DEFAULT NULL,
  `email_verified_at` timestamp NULL DEFAULT NULL,
  `phone_verified_at` timestamp NULL DEFAULT NULL,
  `remember_token` varchar(100) COLLATE utf8mb4_unicode_ci DEFAULT NULL,
  `rate` double(8,2) unsigned DEFAULT '0.00',
  `cities` json DEFAULT NULL,
  `tax` double(8,2) unsigned NOT NULL DEFAULT '15.00',
  `created_at` timestamp NULL DEFAULT NULL,
  `updated_at` timestamp NULL DEFAULT NULL,
  PRIMARY KEY (`id`)
) ENGINE=InnoDB DEFAULT CHARSET=utf8mb4 COLLATE=utf8mb4_unicode_ci;

INSERT INTO `providers` (`id`, `name`, `email`, `phone`, `comm_name`, `comm_reg_num`, `comm_reg_img`, `tax_cert_num`, `address`, `image`, `notes`, `approve`, `block`, `block_notes`, `email_verification_code`, `phone_verification_code`, `email_verified_at`, `phone_verified_at`, `remember_token`, `rate`, `cities`, `tax`, `created_at`, `updated_at`) VALUES
(1,	'Provider1',	'provider@email.com',	'0552872008',	'Carrier Company',	'1234567788',	'1649920202_2-04-14-02_37_27.png',	'85857',	'test address',	'1647492288_7.jpg',	'Test Provider account added by the admin.',	1,	0,	NULL,	NULL,	NULL,	NULL,	NULL,	'OTgFuHEQWIKlfc2Iqv26bl2fm6hKXaqekndx6JasK8mvuiGqqhjt9So9z0Hj',	2.67,	'[\"2\", \"3\", \"4\"]',	15.00,	'2022-03-17 00:44:48',	'2022-04-25 21:02:39'),
(3,	'test comp.',	'test@provider.com',	'0552872274',	'Test Comp.',	'123456789',	'1647939180_2-03-22-09_51_27.png',	'12345',	'Lorem Ipsum is simply dummy text of the printing and typesetting industry.',	'1647927713_8.jpg',	NULL,	1,	0,	NULL,	NULL,	NULL,	NULL,	NULL,	NULL,	0.00,	NULL,	15.00,	'2022-03-17 01:41:39',	'2022-03-28 00:40:58'),
(14,	'test',	'test2@provider.com',	'0552563774',	'',	'',	'',	'',	'',	NULL,	NULL,	0,	1,	'test account',	'1qQuJnZVIY',	NULL,	'2022-03-21 20:00:00',	NULL,	'r9o7VHCTr9q4znrDksHazg6yxRJY7oAF7fzhvHFZhhaF5KGoytPYXqzPWGOm',	0.00,	NULL,	15.00,	'2022-03-22 02:12:53',	'2022-03-22 02:52:53'),
(17,	'Test create',	'test@create.com',	'0556374464',	'test comm name',	'567483762',	'1647947068_2-03-22-09_51_27.png',	'77777',	'test address',	'1647947068_ages-for-website.jpg',	NULL,	0,	0,	NULL,	NULL,	NULL,	NULL,	NULL,	NULL,	0.00,	NULL,	15.00,	'2022-03-22 07:04:28',	'2022-03-22 07:04:28'),
(18,	'Acoad',	'acoad@email.com',	'0552639220',	'Acoad',	'777333888',	'1648025094_2-03-22-09_51_27.png',	'88888',	'UAE',	'1648442524_nyan-cat.gif',	NULL,	1,	0,	NULL,	NULL,	'$2y$10$zh00R6AQesL..QZXuu8dounCykUL3XJUFgq5bdp.pk2c7f5/VY3LK',	NULL,	'2022-03-22 20:00:00',	NULL,	3.00,	'[\"2\", \"3\", \"4\"]',	15.00,	'2022-03-23 04:44:54',	'2022-03-28 00:42:04');

DROP TABLE IF EXISTS `reviews`;
CREATE TABLE `reviews` (
  `id` bigint(20) unsigned NOT NULL AUTO_INCREMENT,
  `trip_id` bigint(20) unsigned NOT NULL,
  `user_id` bigint(20) unsigned DEFAULT NULL,
  `bus_order_id` bigint(20) unsigned DEFAULT NULL,
  `provider_id` bigint(20) unsigned NOT NULL,
  `name` varchar(255) COLLATE utf8mb4_unicode_ci NOT NULL,
  `email` varchar(255) COLLATE utf8mb4_unicode_ci DEFAULT NULL,
  `rate` enum('1','2','3','4','5') COLLATE utf8mb4_unicode_ci NOT NULL,
  `review` text COLLATE utf8mb4_unicode_ci,
  `publish` tinyint(3) unsigned NOT NULL DEFAULT '1',
  `created_at` timestamp NULL DEFAULT NULL,
  `updated_at` timestamp NULL DEFAULT NULL,
  PRIMARY KEY (`id`),
  KEY `trip_id` (`trip_id`),
  KEY `user_id` (`user_id`),
  KEY `bus_order_id` (`bus_order_id`),
  KEY `provider_id` (`provider_id`),
  CONSTRAINT `reviews_ibfk_3` FOREIGN KEY (`trip_id`) REFERENCES `trips` (`id`) ON DELETE CASCADE ON UPDATE CASCADE,
  CONSTRAINT `reviews_ibfk_4` FOREIGN KEY (`user_id`) REFERENCES `users` (`id`) ON UPDATE CASCADE,
  CONSTRAINT `reviews_ibfk_7` FOREIGN KEY (`bus_order_id`) REFERENCES `bus_orders` (`id`) ON DELETE SET NULL ON UPDATE CASCADE,
  CONSTRAINT `reviews_ibfk_8` FOREIGN KEY (`provider_id`) REFERENCES `providers` (`id`) ON DELETE CASCADE ON UPDATE CASCADE
) ENGINE=InnoDB DEFAULT CHARSET=utf8mb4 COLLATE=utf8mb4_unicode_ci;


DROP TABLE IF EXISTS `services`;
CREATE TABLE `services` (
  `id` bigint(20) unsigned NOT NULL AUTO_INCREMENT,
  `title` json NOT NULL,
  `text` json NOT NULL,
  `image` varchar(255) COLLATE utf8mb4_unicode_ci NOT NULL,
  `created_at` timestamp NULL DEFAULT NULL,
  `updated_at` timestamp NULL DEFAULT NULL,
  PRIMARY KEY (`id`)
) ENGINE=InnoDB DEFAULT CHARSET=utf8mb4 COLLATE=utf8mb4_unicode_ci;

INSERT INTO `services` (`id`, `title`, `text`, `image`, `created_at`, `updated_at`) VALUES
(1,	'{\"ar\": \"ما هو \\\"لوريم إيبسوم\\\"!\", \"en\": \"What is Lorem Ipsum!\"}',	'{\"ar\": \"لوريم إيبسوم هو ببساطة نص شكلي (بمعنى أن الغاية هي الشكل وليس المحتوى) ويُستخدم في صناعات المطابع ودور النشر. كان لوريم إيبسوم ولايزال المعيار للنص الشكلي منذ القرن الخامس عشر عندما قامت مطبعة مجهولة برص مجموعة من الأحرف بشكل عشوائي أخذتها من نص، لتكوّن كتيّب بمثابة دليل أو مرجع شكلي لهذه الأحرف.\", \"en\": \"Lorem Ipsum is simply dummy text of the printing and typesetting industry. Lorem Ipsum has been the industry\'s standard dummy text ever since the 1500s, when an unknown printer took a galley of type and scrambled it to make a type specimen book.\"}',	'1650516298_53.jpg',	'2022-04-21 00:44:58',	'2022-04-21 00:44:58'),
(2,	'{\"ar\": \"أين أجده ؟\", \"en\": \"Where can I get some?\"}',	'{\"ar\": \"هنالك العديد من الأنواع المتوفرة لنصوص لوريم إيبسوم، ولكن الغالبية تم تعديلها بشكل ما عبر إدخال بعض النوادر أو الكلمات العشوائية إلى النص. إن كنت تريد أن تستخدم نص لوريم إيبسوم ما، عليك أن تتحقق أولاً أن ليس هناك أي كلمات أو عبارات محرجة أو غير لائقة مخبأة في هذا النص.\", \"en\": \"There are many variations of passages of Lorem Ipsum available, but the majority have suffered alteration in some form, by injected humour, or randomised words which don\'t look even slightly believable.\"}',	'1650516554_48.jpg',	'2022-04-21 00:49:14',	'2022-04-21 00:49:14');

DROP TABLE IF EXISTS `settings`;
CREATE TABLE `settings` (
  `id` bigint(20) unsigned NOT NULL AUTO_INCREMENT,
  `key` varchar(255) COLLATE utf8mb4_unicode_ci NOT NULL,
  `value` text COLLATE utf8mb4_unicode_ci,
  `trans` json DEFAULT NULL,
  `type` enum('text','number','email','textarea','editor','checkbox','file','url') COLLATE utf8mb4_unicode_ci NOT NULL DEFAULT 'text',
  `group` varchar(255) COLLATE utf8mb4_unicode_ci DEFAULT NULL,
  `description` varchar(255) COLLATE utf8mb4_unicode_ci DEFAULT NULL,
  `rules` varchar(255) COLLATE utf8mb4_unicode_ci DEFAULT NULL,
  `created_at` timestamp NULL DEFAULT NULL,
  `updated_at` timestamp NULL DEFAULT NULL,
  PRIMARY KEY (`id`)
) ENGINE=InnoDB DEFAULT CHARSET=utf8mb4 COLLATE=utf8mb4_unicode_ci;

INSERT INTO `settings` (`id`, `key`, `value`, `trans`, `type`, `group`, `description`, `rules`, `created_at`, `updated_at`) VALUES
(1,	'logo',	'1650376957QBUSBlue.png',	NULL,	'file',	'general',	'Website general settings like logo, name ..',	'nullable|image',	'2021-09-28 05:38:16',	'2022-03-22 01:23:01'),
(2,	'logo-light',	'1650376987expense-w - Copy.png',	NULL,	'file',	'general',	NULL,	'nullable|image',	'2021-09-28 05:38:41',	'2022-03-22 01:23:01'),
(3,	'meta-description',	'',	NULL,	'text',	'meta',	'Meta details, medatory for SEO.',	'required|string|max:255',	'2021-09-28 05:40:06',	'2021-09-29 01:11:37'),
(4,	'meta-keywords',	'',	NULL,	'text',	'meta',	NULL,	'required|string|max:255',	'2021-09-28 05:40:26',	'2021-09-29 01:11:37'),
(5,	'twitter',	'https://twitter.com/',	NULL,	'url',	'social',	'Social links in wesite footer.',	'nullable|url',	'2021-09-28 06:25:08',	NULL),
(6,	'facebook',	'https://www.facebook.com/',	NULL,	'url',	'social',	NULL,	'nullable|url',	'2021-09-28 06:25:08',	NULL),
(7,	'instagram',	'https://www.instagram.com/',	NULL,	'url',	'social',	NULL,	'nullable|url',	'2021-09-28 06:25:08',	NULL),
(8,	'youtube',	'https://www.youtube.com/',	NULL,	'url',	'social',	NULL,	'nullable|url',	'2021-09-28 06:25:08',	NULL),
(9,	'qbus_percentage',	'10',	NULL,	'number',	'payments',	'payment settings ',	'required|numeric|min:0|max:100',	'2022-04-20 04:56:31',	NULL),
(10,	'about_title',	NULL,	'{\"ar\": \"من نحن\", \"en\": \"About Us\"}',	'text',	'about',	'about page settings',	'required|string|max:100',	'2022-04-20 08:32:00',	'2022-04-20 22:52:32'),
(11,	'about_subtitle',	NULL,	'{\"ar\": \"تعرف علينا\", \"en\": \"Get to know us\"}',	'text',	'about',	'about page settings',	'required|string|max:255',	'2022-04-20 08:32:00',	'2022-04-20 22:52:32'),
(12,	'about_text',	NULL,	'{\"ar\": \"هناك حقيقة مثبتة منذ زمن طويل وهي أن المحتوى المقروء لصفحة ما سيلهي القارئ عن التركيز على الشكل الخارجي للنص أو شكل توضع الفقرات في الصفحة التي يقرأها. ولذلك يتم استخدام طريقة لوريم إيبسوم لأنها تعطي توزيعاَ طبيعياَ -إلى حد ما- للأحرف عوضاً عن استخدام \\\"هنا يوجد محتوى نصي، هنا يوجد محتوى نصي\\\" فتجعلها تبدو (أي الأحرف) وكأنها نص مقروء. العديد من برامح النشر المكتبي وبرامح تحرير صفحات الويب تستخدم لوريم إيبسوم بشكل إفتراضي كنموذج عن النص، وإذا قمت بإدخال \\\"lorem ipsum\\\" في أي محرك بحث ستظهر العديد من المواقع الحديثة العهد في نتائج البحث. على مدى السنين ظهرت نسخ جديدة ومختلفة من نص لوريم إيبسوم، أحياناً عن طريق الصدفة، وأحياناً عن عمد كإدخال بعض العبارات الفكاهية إليها.\", \"en\": \"It is a long established fact that a reader will be distracted by the readable content of a page when looking at its layout. The point of using Lorem Ipsum is that it has a more-or-less normal distribution of letters, as opposed to using \'Content here, content here\', making it look like readable English. Many desktop publishing packages and web page editors now use Lorem Ipsum as their default model text, and a search for \'lorem ipsum\' will uncover many web sites still in their infancy. Various versions have evolved over the years, sometimes by accident, sometimes on purpose (injected humour and the like).<br><br>\"}',	'editor',	'about',	NULL,	'required|string',	'2022-04-21 01:45:50',	'2022-04-21 00:28:16'),
(13,	'about_image',	'165050955222.jpg',	NULL,	'file',	'about',	NULL,	'nullable|image',	'2022-04-21 01:54:51',	'2022-04-20 22:52:32'),
(14,	'features_title',	'explore our<br> awesome Featuers',	NULL,	'text',	'about',	NULL,	'required|string|max:255',	'2022-04-21 04:08:56',	NULL),
(15,	'services_title',	NULL,	'{\"ar\": \"خدماتنا\", \"en\": \"Our services\"}',	'text',	'user interface',	'Frontend user interface settings',	'required|string|max:100',	'2022-04-21 04:38:17',	'2022-04-21 00:41:28'),
(16,	'services_subtitle',	NULL,	'{\"ar\": \"تعرف على خدماتنا الان !\", \"en\": \"Explore our services now!\"}',	'text',	'user interface',	'Frontend user interface settings',	'required|string|max:255',	'2022-04-21 04:38:17',	'2022-04-21 00:41:28'),
(17,	'location',	'UAE, Dubai',	'{\"ar\": \"دبي ، الامارات\", \"en\": \"Dubai, UAE\"}',	'text',	'contact',	NULL,	'required|string|max:255',	'2022-04-21 05:23:11',	'2022-04-21 01:33:39'),
(18,	'email',	'anaaml761@gmail.com',	NULL,	'email',	'contact',	NULL,	'required|email',	'2022-04-21 05:24:57',	'2022-04-21 01:28:08'),
(19,	'phone',	'971552872008',	NULL,	'text',	'contact',	NULL,	'required',	'2022-04-21 05:25:23',	'2022-04-21 01:28:08'),
(20,	'copyright',	NULL,	'{\"ar\": \"©  جميع الحقوق محفوظة\", \"en\": \"© Copyright 2022. All Rights Reserved.\"}',	'text',	'footer',	'User interface Footer settings',	'required|string|max:255',	'2022-04-21 05:31:58',	'2022-04-21 01:33:39'),
(21,	'email2',	NULL,	NULL,	'email',	'contact',	NULL,	'nullable|email',	'2022-04-21 05:35:10',	NULL),
(22,	'phone2',	NULL,	NULL,	'text',	'contact',	NULL,	'nullable|string|max:255',	'2022-04-21 05:35:34',	NULL),
(23,	'contact_title',	NULL,	'{\"ar\": \"تواصل معنا\", \"en\": \"Contact us\"}',	'text',	'user interface',	NULL,	'required|string|max:200',	'2022-04-21 05:49:00',	'2022-04-21 01:50:23'),
(24,	'contact_subtitle',	NULL,	'{\"ar\": \"ابق على تواصل!\", \"en\": \"Keep in touch!\"}',	'text',	'user interface',	NULL,	'required|string|max:255',	'2022-04-21 05:49:26',	'2022-04-21 01:50:23'),
(25,	'links_title',	NULL,	'{\"ar\": \"روابط\", \"en\": \"Links\"}',	'text',	'footer',	NULL,	'required|string|max:100',	'2022-04-21 06:08:38',	'2022-04-21 02:14:48'),
(26,	'social_title',	NULL,	'{\"ar\": \"التواصل الاجتماعي\", \"en\": \"Social Media\"}',	'text',	'footer',	NULL,	'required|string|max:100',	'2022-04-21 06:09:00',	'2022-04-21 02:14:48'),
(27,	'contact_title',	NULL,	'{\"ar\": \"اتصل بنا\", \"en\": \"Contact Us\"}',	'text',	'footer',	NULL,	'required|string|max:255',	'2022-04-21 06:09:26',	'2022-04-21 02:14:48'),
(28,	'provider_title',	NULL,	'{\"ar\": \"روابط شركات النقل\", \"en\": \"Carrier Links\"}',	'text',	'footer',	NULL,	'required|string|max:100',	'2022-04-21 06:09:48',	'2022-04-21 02:14:48'),
(29,	'provider_subtitle',	NULL,	'{\"ar\": \"انضم الينا الان كموفر خدمات وامتلك عملاءك! الأمر سهل.\", \"en\": \"Join us now as a provider and have your own customers! it\'s easy.\"}',	'text',	'footer',	NULL,	'required|string',	'2022-04-21 06:10:09',	'2022-04-21 02:14:48'),
(30,	'email_title',	NULL,	'{\"ar\": \"انصم وتابعنا\", \"en\": \"Join and follow us\"}',	'text',	'footer',	NULL,	'required|string|max:255',	'2022-04-21 06:21:51',	'2022-04-21 02:25:58'),
(31,	'feedback_title',	NULL,	'{\"ar\": \"رأيك يهمنا\", \"en\": \"Feedback Note\"}',	'text',	'footer',	NULL,	'required|string|max:100',	'2022-04-21 06:40:33',	'2022-04-21 02:46:09'),
(32,	'feedback_subtitle',	NULL,	'{\"ar\": \"يسعدنا استقبال ارائكم وملاحظاتكم\", \"en\": \"We are pleased to receive your opinions and comments\"}',	'text',	'footer',	NULL,	'required|string|max:255',	'2022-04-21 06:40:58',	'2022-04-21 02:46:09'),
(33,	'feedback_footer',	NULL,	'{\"ar\": \"من فضلك تأكد أننا نراجع الملاحظات ونقدر مساعدتك لنا.\", \"en\": \"Please make sure we review the feedback and appreciate your help.\"}',	'text',	'footer',	NULL,	'nullable|string|max:255',	'2022-04-21 06:41:19',	'2022-04-21 02:46:09'),
(34,	'header_image',	'165052474520.jpg',	NULL,	'file',	'home',	'Home page settings',	'nullable|image',	'2022-04-21 06:54:54',	'2022-04-21 03:05:45'),
(35,	'section_title',	NULL,	'{\"ar\": \"احجز <span  class=\\\"text-blue-600 dark:text-blue-400\\\">باص كامل</span>\", \"en\": \"Order <span  class=\\\"text-blue-600 dark:text-blue-400\\\">a Full Bus</span>\"}',	'text',	'home',	NULL,	'required|string|max:255',	'2022-04-21 06:55:45',	'2022-04-21 03:05:45'),
(36,	'section_text',	NULL,	'{\"ar\": \"هناك حقيقة مثبتة منذ زمن طويل وهي أن المحتوى المقروء لصفحة ما سيلهي القارئ عن التركيز على الشكل الخارجي للنص أو شكل توضع الفقرات في الصفحة التي يقرأها. ولذلك يتم استخدام طريقة لوريم إيبسوم لأنها تعطي توزيعاَ طبيعياَ -إلى حد ما- للأحرف عوضاً عن استخدام \\\"هنا يوجد محتوى نصي، هنا يوجد محتوى نصي\\\" فتجعلها تبدو (أي الأحرف) وكأنها نص مقروء. العديد من برامح النشر المكتبي وبرامح تحرير صفحات الويب تستخدم لوريم إيبسوم بشكل إفتراضي كنموذج عن النص، وإذا قمت بإدخال\", \"en\": \"Lorem, ipsum dolor sit amet consectetur adipisicing elit. Quidem 55odi reprehenderit vitae exercitationem aliquid dolores ullam temporibus enim expedita aperiam mollitia iure 55onsectetur dicta tenetur, porro consequuntur saepe accusantium consequatur.\"}',	'textarea',	'home',	NULL,	'required|string',	'2022-04-21 06:56:10',	'2022-04-21 03:05:45'),
(37,	'section_link',	'https://demos.acoad.net/qbus/busOrders/create',	NULL,	'url',	'home',	NULL,	'required|url',	'2022-04-21 06:56:51',	'2022-04-21 03:06:36'),
(38,	'google-play',	NULL,	NULL,	'text',	'application',	'Mobile app links',	'required|url',	'2022-04-26 17:16:25',	NULL),
(39,	'app-store',	NULL,	NULL,	'text',	'application',	NULL,	'required|url',	'2022-04-26 17:16:46',	NULL);

DROP TABLE IF EXISTS `terminals`;
CREATE TABLE `terminals` (
  `id` bigint(20) unsigned NOT NULL AUTO_INCREMENT,
  `provider_id` bigint(20) unsigned NOT NULL,
  `name` json NOT NULL,
  `created_at` timestamp NULL DEFAULT NULL,
  `updated_at` timestamp NULL DEFAULT NULL,
  PRIMARY KEY (`id`),
  KEY `terminals_provider_id_foreign` (`provider_id`),
  CONSTRAINT `terminals_provider_id_foreign` FOREIGN KEY (`provider_id`) REFERENCES `providers` (`id`) ON DELETE CASCADE ON UPDATE CASCADE
) ENGINE=InnoDB DEFAULT CHARSET=utf8mb4 COLLATE=utf8mb4_unicode_ci;

INSERT INTO `terminals` (`id`, `provider_id`, `name`, `created_at`, `updated_at`) VALUES
(1,	1,	'{\"ar\": \"محطة أ\", \"en\": \"Station A\"}',	'2022-04-25 19:36:48',	'2022-04-25 19:38:00'),
(2,	1,	'{\"ar\": \"محطة ب\", \"en\": \"Station B\"}',	'2022-04-25 19:37:27',	'2022-04-25 19:37:51'),
(3,	1,	'{\"ar\": \"محطة ج\", \"en\": \"Station C\"}',	'2022-04-25 19:37:42',	'2022-04-25 19:37:42');

DROP TABLE IF EXISTS `tickets`;
CREATE TABLE `tickets` (
  `id` bigint(20) unsigned NOT NULL AUTO_INCREMENT,
  `trip_order_id` bigint(20) unsigned DEFAULT NULL,
  `package_order_id` bigint(20) unsigned DEFAULT NULL,
  `seat_num` int(11) NOT NULL,
  `created_at` timestamp NULL DEFAULT NULL,
  `updated_at` timestamp NULL DEFAULT NULL,
  PRIMARY KEY (`id`),
  KEY `trip_order_id` (`trip_order_id`),
  KEY `package_order_id` (`package_order_id`),
  CONSTRAINT `tickets_ibfk_2` FOREIGN KEY (`trip_order_id`) REFERENCES `trip_orders` (`id`) ON DELETE CASCADE ON UPDATE CASCADE,
  CONSTRAINT `tickets_ibfk_4` FOREIGN KEY (`package_order_id`) REFERENCES `package_orders` (`id`) ON DELETE CASCADE ON UPDATE CASCADE
) ENGINE=InnoDB DEFAULT CHARSET=utf8mb4 COLLATE=utf8mb4_unicode_ci;

INSERT INTO `tickets` (`id`, `trip_order_id`, `package_order_id`, `seat_num`, `created_at`, `updated_at`) VALUES
(7,	1,	NULL,	1,	'2022-04-14 02:55:23',	'2022-04-14 02:55:23'),
(8,	1,	NULL,	2,	'2022-04-14 02:55:23',	'2022-04-14 02:55:23'),
(12,	10,	NULL,	3,	'2022-04-21 17:28:20',	'2022-04-21 17:28:20'),
(13,	11,	NULL,	4,	'2022-04-21 17:29:36',	'2022-04-21 17:29:36'),
(14,	12,	NULL,	5,	'2022-04-21 17:29:48',	'2022-04-21 17:29:48'),
(15,	13,	NULL,	6,	'2022-04-21 17:30:52',	'2022-04-21 17:30:52'),
(18,	15,	NULL,	9,	'2022-04-21 17:35:14',	'2022-04-21 17:35:14'),
(19,	16,	NULL,	10,	'2022-04-25 03:18:28',	'2022-04-25 03:18:28'),
(20,	17,	NULL,	11,	'2022-04-25 03:32:54',	'2022-04-25 03:32:54'),
(21,	18,	NULL,	12,	'2022-04-25 03:42:42',	'2022-04-25 03:42:42'),
(22,	19,	NULL,	13,	'2022-04-25 04:04:37',	'2022-04-25 04:04:37'),
(23,	20,	NULL,	14,	'2022-04-25 04:04:55',	'2022-04-25 04:04:55'),
(26,	21,	NULL,	1,	'2022-05-09 11:08:47',	'2022-05-09 11:08:47'),
(27,	21,	NULL,	2,	'2022-05-09 11:08:47',	'2022-05-09 11:08:47'),
(28,	21,	NULL,	3,	'2022-05-09 11:08:47',	'2022-05-09 11:08:47'),
(29,	21,	NULL,	4,	'2022-05-09 11:08:47',	'2022-05-09 11:08:47'),
(30,	22,	NULL,	5,	'2022-05-09 11:29:08',	'2022-05-09 11:29:08'),
(31,	22,	NULL,	6,	'2022-05-09 11:29:08',	'2022-05-09 11:29:08'),
(32,	NULL,	10,	1,	'2022-05-10 22:05:13',	'2022-05-10 22:05:13');

DROP TABLE IF EXISTS `trips`;
CREATE TABLE `trips` (
  `id` bigint(20) unsigned NOT NULL AUTO_INCREMENT,
  `name` json DEFAULT NULL,
  `description` json DEFAULT NULL,
  `image` varchar(255) COLLATE utf8mb4_unicode_ci DEFAULT NULL,
  `date_from` varchar(255) COLLATE utf8mb4_unicode_ci NOT NULL,
  `date_to` varchar(255) COLLATE utf8mb4_unicode_ci NOT NULL,
  `time_from` varchar(255) COLLATE utf8mb4_unicode_ci NOT NULL,
  `time_to` varchar(255) COLLATE utf8mb4_unicode_ci NOT NULL,
  `lat` varchar(255) COLLATE utf8mb4_unicode_ci DEFAULT NULL,
  `lng` varchar(255) COLLATE utf8mb4_unicode_ci DEFAULT NULL,
  `zoom` int(11) DEFAULT NULL,
  `provider_id` bigint(20) unsigned DEFAULT NULL,
  `bus_id` bigint(20) unsigned DEFAULT NULL,
  `fees` double DEFAULT NULL,
  `max` int(10) unsigned DEFAULT NULL,
  `provider_notes` text COLLATE utf8mb4_unicode_ci,
  `provider_archive` tinyint(4) unsigned NOT NULL DEFAULT '0',
  `auto_approve` tinyint(4) unsigned NOT NULL DEFAULT '0',
  `rate` double(8,2) unsigned DEFAULT '0.00',
  `destination_id` bigint(20) unsigned DEFAULT NULL,
  `additional` json DEFAULT NULL,
  `created_at` timestamp NULL DEFAULT NULL,
  `updated_at` timestamp NULL DEFAULT NULL,
  PRIMARY KEY (`id`),
  KEY `provider_id` (`provider_id`),
  KEY `bus_id` (`bus_id`),
  KEY `destination_id` (`destination_id`),
  CONSTRAINT `trips_ibfk_3` FOREIGN KEY (`provider_id`) REFERENCES `providers` (`id`) ON DELETE CASCADE ON UPDATE CASCADE,
  CONSTRAINT `trips_ibfk_4` FOREIGN KEY (`bus_id`) REFERENCES `buses` (`id`) ON DELETE SET NULL ON UPDATE CASCADE,
  CONSTRAINT `trips_ibfk_5` FOREIGN KEY (`destination_id`) REFERENCES `destinations` (`id`) ON DELETE SET NULL
) ENGINE=InnoDB DEFAULT CHARSET=utf8mb4 COLLATE=utf8mb4_unicode_ci;

INSERT INTO `trips` (`id`, `name`, `description`, `image`, `date_from`, `date_to`, `time_from`, `time_to`, `lat`, `lng`, `zoom`, `provider_id`, `bus_id`, `fees`, `max`, `provider_notes`, `provider_archive`, `auto_approve`, `rate`, `destination_id`, `additional`, `created_at`, `updated_at`) VALUES
(34,	NULL,	'{\"ar\": \"هناك حقيقة مثبتة منذ زمن طويل وهي أن المحتوى المقروء لصفحة ما سيلهي القارئ عن التركيز على الشكل الخارجي للنص أو شكل توضع الفقرات في الصفحة التي يقرأها.\", \"en\": \"It is a long established fact that a reader will be distracted by the readable content of a page when looking at its layout.\"}',	NULL,	'2022-05-04',	'2022-06-04',	'10:00',	'17:00',	NULL,	NULL,	NULL,	1,	3,	50,	100,	NULL,	0,	1,	0.00,	1,	'{\"1\": {\"id\": \"2\", \"fees\": \"25\"}, \"2\": {\"id\": \"3\", \"fees\": \"20\"}}',	'2022-04-26 12:45:31',	'2022-05-09 11:02:18');

DROP TABLE IF EXISTS `trip_orders`;
CREATE TABLE `trip_orders` (
  `id` bigint(20) unsigned NOT NULL AUTO_INCREMENT,
  `trip_id` bigint(20) unsigned DEFAULT NULL,
  `user_id` bigint(20) unsigned DEFAULT NULL,
  `provider_id` bigint(20) unsigned DEFAULT NULL,
  `count` int(10) unsigned NOT NULL DEFAULT '1',
  `fees` double(8,2) unsigned NOT NULL,
  `tax` double(8,2) unsigned DEFAULT NULL,
  `coupon_id` bigint(20) unsigned DEFAULT NULL,
  `total` double(8,2) unsigned DEFAULT NULL,
  `type` enum('one-way','round','multi') COLLATE utf8mb4_unicode_ci DEFAULT NULL,
  `status` enum('pending','approved','rejected','paid','canceled') COLLATE utf8mb4_unicode_ci NOT NULL,
  `user_notes` text COLLATE utf8mb4_unicode_ci,
  `provider_notes` text COLLATE utf8mb4_unicode_ci,
  `admin_notes` text COLLATE utf8mb4_unicode_ci,
  `user_archive` tinyint(4) unsigned NOT NULL DEFAULT '0',
  `provider_archive` tinyint(4) unsigned NOT NULL DEFAULT '0',
  `created_at` timestamp NULL DEFAULT NULL,
  `updated_at` timestamp NULL DEFAULT NULL,
  PRIMARY KEY (`id`),
  KEY `trip_id` (`trip_id`),
  KEY `user_id` (`user_id`),
  KEY `provider_id` (`provider_id`),
  KEY `coupon_id` (`coupon_id`),
  CONSTRAINT `trip_orders_ibfk_3` FOREIGN KEY (`trip_id`) REFERENCES `trips` (`id`) ON DELETE SET NULL ON UPDATE CASCADE,
  CONSTRAINT `trip_orders_ibfk_4` FOREIGN KEY (`user_id`) REFERENCES `users` (`id`) ON DELETE SET NULL ON UPDATE CASCADE,
  CONSTRAINT `trip_orders_ibfk_6` FOREIGN KEY (`provider_id`) REFERENCES `providers` (`id`) ON DELETE SET NULL ON UPDATE CASCADE,
  CONSTRAINT `trip_orders_ibfk_8` FOREIGN KEY (`coupon_id`) REFERENCES `coupons` (`id`) ON DELETE SET NULL ON UPDATE CASCADE
) ENGINE=InnoDB DEFAULT CHARSET=utf8mb4 COLLATE=utf8mb4_unicode_ci;

INSERT INTO `trip_orders` (`id`, `trip_id`, `user_id`, `provider_id`, `count`, `fees`, `tax`, `coupon_id`, `total`, `type`, `status`, `user_notes`, `provider_notes`, `admin_notes`, `user_archive`, `provider_archive`, `created_at`, `updated_at`) VALUES
(1,	NULL,	1,	1,	2,	80.00,	12.00,	NULL,	92.00,	'round',	'approved',	'Lorem Ipsum is simply dummy text of the printing and typesetting industry.',	NULL,	NULL,	0,	0,	'2022-04-14 05:48:57',	'2022-04-14 02:56:21'),
(10,	NULL,	1,	1,	1,	50.00,	7.50,	NULL,	57.50,	'round',	'approved',	NULL,	NULL,	NULL,	0,	0,	'2022-04-21 17:28:20',	'2022-04-21 17:28:20'),
(11,	NULL,	1,	1,	1,	50.00,	7.50,	NULL,	57.50,	'one-way',	'approved',	NULL,	NULL,	NULL,	0,	0,	'2022-04-21 17:29:36',	'2022-04-21 17:29:36'),
(12,	NULL,	1,	1,	1,	50.00,	7.50,	NULL,	57.50,	'round',	'approved',	NULL,	NULL,	NULL,	0,	0,	'2022-04-21 17:29:48',	'2022-04-21 17:29:48'),
(13,	NULL,	1,	1,	1,	50.00,	7.50,	NULL,	57.50,	'one-way',	'approved',	NULL,	NULL,	NULL,	0,	0,	'2022-04-21 17:30:52',	'2022-04-21 17:30:52'),
(14,	34,	1,	1,	2,	100.00,	15.00,	1,	92.00,	'one-way',	'rejected',	NULL,	'test from provider',	'test cancelation from the admin side.',	0,	0,	'2022-04-21 17:32:16',	'2022-05-09 05:33:46'),
(15,	NULL,	1,	1,	1,	50.00,	7.50,	NULL,	57.50,	'one-way',	'approved',	NULL,	NULL,	NULL,	0,	0,	'2022-04-21 17:35:14',	'2022-04-21 17:35:14'),
(16,	NULL,	1,	1,	1,	50.00,	7.50,	NULL,	57.50,	'round',	'approved',	NULL,	NULL,	NULL,	0,	0,	'2022-04-25 03:18:28',	'2022-04-25 03:18:28'),
(17,	NULL,	1,	1,	1,	50.00,	7.50,	NULL,	57.50,	'round',	'approved',	NULL,	NULL,	NULL,	0,	0,	'2022-04-25 03:32:54',	'2022-04-25 03:32:54'),
(18,	NULL,	1,	1,	1,	50.00,	7.50,	NULL,	57.50,	'round',	'approved',	NULL,	NULL,	NULL,	0,	0,	'2022-04-25 03:42:42',	'2022-04-25 03:42:42'),
(19,	NULL,	1,	1,	1,	50.00,	7.50,	NULL,	57.50,	'one-way',	'approved',	NULL,	NULL,	NULL,	0,	0,	'2022-04-25 04:04:37',	'2022-04-25 04:04:37'),
(20,	NULL,	1,	1,	1,	50.00,	7.50,	NULL,	57.50,	'round',	'approved',	NULL,	NULL,	NULL,	0,	0,	'2022-04-25 04:04:55',	'2022-04-25 04:04:55'),
(21,	34,	5,	1,	4,	200.00,	30.00,	NULL,	230.00,	'round',	'approved',	NULL,	NULL,	NULL,	0,	0,	'2022-05-09 11:08:47',	'2022-05-09 11:08:47'),
(22,	34,	2,	1,	2,	100.00,	15.00,	NULL,	115.00,	'one-way',	'approved',	NULL,	NULL,	NULL,	0,	0,	'2022-05-09 11:29:08',	'2022-05-09 11:29:08');

DROP TABLE IF EXISTS `users`;
CREATE TABLE `users` (
  `id` bigint(20) unsigned NOT NULL AUTO_INCREMENT,
  `name` varchar(255) COLLATE utf8mb4_unicode_ci NOT NULL,
  `email` varchar(255) COLLATE utf8mb4_unicode_ci DEFAULT NULL,
  `phone` varchar(255) COLLATE utf8mb4_unicode_ci NOT NULL,
  `password` varchar(255) COLLATE utf8mb4_unicode_ci NOT NULL,
  `image` varchar(255) COLLATE utf8mb4_unicode_ci DEFAULT NULL,
  `address` varchar(255) COLLATE utf8mb4_unicode_ci NOT NULL,
  `date_of_birth` varchar(255) COLLATE utf8mb4_unicode_ci NOT NULL,
  `marital_status` enum('single','married') COLLATE utf8mb4_unicode_ci NOT NULL,
  `notes` text COLLATE utf8mb4_unicode_ci,
  `block` tinyint(4) unsigned NOT NULL DEFAULT '0',
  `block_notes` text COLLATE utf8mb4_unicode_ci,
  `email_verified_at` timestamp NULL DEFAULT NULL,
  `phone_verification_code` varchar(100) COLLATE utf8mb4_unicode_ci DEFAULT NULL,
  `phone_verified_at` timestamp NULL DEFAULT NULL,
  `remember_token` varchar(100) COLLATE utf8mb4_unicode_ci DEFAULT NULL,
  `wallet` double(8,2) unsigned DEFAULT '0.00',
  `created_at` timestamp NULL DEFAULT NULL,
  `updated_at` timestamp NULL DEFAULT NULL,
  PRIMARY KEY (`id`),
  UNIQUE KEY `users_email_unique` (`email`)
) ENGINE=InnoDB DEFAULT CHARSET=utf8mb4 COLLATE=utf8mb4_unicode_ci;

INSERT INTO `users` (`id`, `name`, `email`, `phone`, `password`, `image`, `address`, `date_of_birth`, `marital_status`, `notes`, `block`, `block_notes`, `email_verified_at`, `phone_verification_code`, `phone_verified_at`, `remember_token`, `wallet`, `created_at`, `updated_at`) VALUES
(1,	'user',	'user@email.com',	'0552872008',	'$2y$10$zv3HLm8i/71n1VzrYqYG9.TYsm2RpWFrpyjE96i/7o74UG8aIrmTC',	'1647168575_1.jpg',	'Lorem Ipsum is simply dummy text of the printing and typesetting industry.',	'1999-04-20',	'married',	NULL,	0,	NULL,	'2022-03-10 07:55:44',	NULL,	NULL,	'1xYj3JREyQbu49XbnU5nLW1RbckxIwx1pX6HmvcX8u8IflMGfOP4wDUf5rkR',	2281.00,	'2022-03-10 07:55:44',	'2022-05-11 08:32:16'),
(2,	'test',	'test@email.com',	'0552872009',	'$2y$10$KYhjOINViohQgmcH5DcyYeKfsYS1RCVzTKoP/w330s6.PdapJW3/e',	'1647329719_8.jpg',	'',	'',	'single',	'Lorem Ipsum is simply dummy text of the printing and typesetting industry. Lorem Ipsum has been the industry\'s standard dummy text ever since the 1500s.',	1,	'Test account added by app admin!',	NULL,	NULL,	NULL,	NULL,	0.00,	'2022-03-15 03:30:29',	'2022-03-15 03:35:19'),
(5,	'aml',	'test-aml@email.com',	'0552837665',	'$2y$10$RJQ3M1sjqdOvmpR0iAc6Gut5tvF2E98R7M9w.vvL5W4bh1/qLlmQy',	NULL,	'UAE',	'1995-08-16',	'married',	NULL,	0,	NULL,	NULL,	'$2y$10$eUCemBO5sCQjYut.PFDzu.jyblJS9b7ztTDanbHoJQ8WHQvoKbnWa',	'2022-03-23 21:58:30',	NULL,	100.00,	'2022-03-23 21:53:03',	'2022-04-28 04:24:51');

-- 2022-05-17 06:53:37
