[
    {
        "name": "id",
        "dbType": "id",
        "htmlType": null,
        "validations": null,
        "searchable": false,
        "fillable": false,
        "primary": true,
        "inForm": false,
        "inIndex": false,
        "inView": false
    },
    {
        "name": "date",
        "dbType": "string",
        "htmlType": "date",
        "validations": "required|date_format:Y-m-d",
        "searchable": true,
        "fillable": true,
        "primary": false,
        "inForm": true,
        "inIndex": true,
        "inView": true
    },
    {
        "name": "time",
        "dbType": "string",
        "htmlType": "date",
        "validations": "required|date_format:H:i",
        "searchable": true,
        "fillable": true,
        "primary": false,
        "inForm": true,
        "inIndex": true,
        "inView": true
    },
    {
        "name": "lat",
        "dbType": "string",
        "htmlType": "hidden",
        "validations": "required|numeric",
        "searchable": false,
        "fillable": true,
        "primary": false,
        "inForm": false,
        "inIndex": true,
        "inView": false
    },
    {
        "name": "lng",
        "dbType": "string",
        "htmlType": "hidden",
        "validations": "required|numeric",
        "searchable": false,
        "fillable": true,
        "primary": false,
        "inForm": false,
        "inIndex": true,
        "inView": false
    },
    {
        "name": "zoom",
        "dbType": "integer",
        "htmlType": "hidden",
        "validations": "required|integer",
        "searchable": false,
        "fillable": true,
        "primary": false,
        "inForm": false,
        "inIndex": true,
        "inView": false
    },
    {
        "name": "user_id",
        "dbType": "bigInteger:unsigned:nullable:foreign,users,id,cascade",
        "htmlType": "hidden",
        "validations": "required|exists:users,id",
        "searchable": true,
        "fillable": true,
        "primary": false,
        "inForm": false,
        "inIndex": true,
        "inView": true
    },
    {
        "name": "provider_id",
        "dbType": "bigInteger:unsigned:nullable:foreign,providers,id,cascade",
        "htmlType": "hidden",
        "validations": "required|exists:providers,id",
        "searchable": true,
        "fillable": true,
        "primary": false,
        "inForm": false,
        "inIndex": true,
        "inView": true
    },
    {
        "name": "bus_id",
        "dbType": "bigInteger:unsigned:nullable:foreign,buses,id,cascade",
        "htmlType": "hidden",
        "validations": "required|exists:buses,id",
        "searchable": true,
        "fillable": true,
        "primary": false,
        "inForm": false,
        "inIndex": true,
        "inView": true
    },
    {
        "name": "fees",
        "dbType": "double",
        "htmlType": "hidden",
        "validations": "nullable|numeric|min:0",
        "searchable": true,
        "fillable": true,
        "primary": false,
        "inForm": false,
        "inIndex": true,
        "inView": true
    },
    {
        "name": "status",
        "dbType": "enum,pending,canceled,approved,rejected,complete:default,'pending'",
        "htmlType": "select:pending",
        "validations": "nullable|in:pending,canceled,approved,rejected,complete",
        "searchable": true,
        "fillable": true,
        "primary": false,
        "inForm": true,
        "inIndex": true,
        "inView": true
    },
    {
        "name": "created_at",
        "dbType": "timestamp",
        "htmlType": null,
        "validations": null,
        "searchable": false,
        "fillable": false,
        "primary": false,
        "inForm": false,
        "inIndex": false,
        "inView": true
    },
    {
        "name": "updated_at",
        "dbType": "timestamp",
        "htmlType": null,
        "validations": null,
        "searchable": false,
        "fillable": false,
        "primary": false,
        "inForm": false,
        "inIndex": false,
        "inView": true
    }
]