[
    {
        "name": "id",
        "dbType": "id",
        "htmlType": null,
        "validations": null,
        "searchable": false,
        "fillable": false,
        "primary": true,
        "inForm": false,
        "inIndex": false,
        "inView": false
    },
    {
        "name": "provider_id",
        "dbType": "bigInteger:unsigned:foreign,providers,id,cascade",
        "htmlType": null,
        "validations": "required|exists:providers,id",
        "searchable": true,
        "fillable": true,
        "primary": false,
        "inForm": true,
        "inIndex": true,
        "inView": true
    },
    {
        "name": "from_city_id",
        "dbType": "bigInteger:unsigned:foreign,cities,id,cascade",
        "htmlType": "select,City:City",
        "validations": "required|exists:cities,id",
        "searchable": true,
        "fillable": true,
        "primary": false,
        "inForm": true,
        "inIndex": true,
        "inView": true
    },
    {
        "name": "to_city_id",
        "dbType": "bigInteger:unsigned:foreign,cities,id,cascade",
        "htmlType": "select,City:City",
        "validations": "required|exists:cities,id",
        "searchable": true,
        "fillable": true,
        "primary": false,
        "inForm": true,
        "inIndex": true,
        "inView": true
    },
    {
        "name": "bus_fees",
        "dbType": "doyble",
        "htmlType": "number",
        "validations": "required|numeric|min:0",
        "searchable": true,
        "fillable": true,
        "primary": false,
        "inForm": true,
        "inIndex": true,
        "inView": true
    },
    {
        "name": "passenger_fees",
        "dbType": "double",
        "htmlType": "number",
        "validations": "required|numeric|min:0",
        "searchable": true,
        "fillable": true,
        "primary": false,
        "inForm": true,
        "inIndex": true,
        "inView": true
    },
    {
        "name": "created_at",
        "dbType": "timestamp",
        "htmlType": null,
        "validations": null,
        "searchable": false,
        "fillable": false,
        "primary": false,
        "inForm": false,
        "inIndex": false,
        "inView": true
    },
    {
        "name": "updated_at",
        "dbType": "timestamp",
        "htmlType": null,
        "validations": null,
        "searchable": false,
        "fillable": false,
        "primary": false,
        "inForm": false,
        "inIndex": false,
        "inView": true
    }
]