[
    {
        "name": "id",
        "dbType": "id",
        "htmlType": null,
        "validations": null,
        "searchable": false,
        "fillable": false,
        "primary": true,
        "inForm": false,
        "inIndex": false,
        "inView": false
    },
    {
        "name": "title",
        "dbType": "string",
        "htmlType": "text",
        "validations": "required|string|max:255",
        "searchable": true,
        "fillable": true,
        "primary": false,
        "inForm": true,
        "inIndex": true,
        "inView": true
    },
    {
        "name": "text",
        "dbType": "text",
        "htmlType": "textarea",
        "validations": "required|string",
        "searchable": true,
        "fillable": true,
        "primary": false,
        "inForm": true,
        "inIndex": false,
        "inView": true
    },
    {
        "name": "url",
        "dbType": "string:nullable",
        "htmlType": "text",
        "validations": "nullable|string|max:255|url",
        "searchable": true,
        "fillable": true,
        "primary": false,
        "inForm": true,
        "inIndex": true,
        "inView": true
    },
    {
        "name": "icon",
        "dbType": "string,100:nullable",
        "htmlType": "text",
        "validations": "nullable|string|max:100",
        "searchable": false,
        "fillable": true,
        "primary": false,
        "inForm": true,
        "inIndex": true,
        "inView": false
    },
    {
        "name": "type",
        "dbType": "enum:primary,info,success,warning,danger",
        "htmlType": "radio:primary,info,success,warning,danger",
        "validations": "required|in:primary,info,success,warning,danger",
        "searchable": true,
        "fillable": true,
        "primary": false,
        "inForm": true,
        "inIndex": false,
        "inView": true
    },
    {
        "name": "to",
        "dbType": "enum,user,admin",
        "htmlType": "radio:user,admin",
        "validations": "required|in:user,admin",
        "searchable": true,
        "fillable": true,
        "primary": false,
        "inForm": true,
        "inIndex": true,
        "inView": true
    },
    {
        "name": "admin_id",
        "dbType": "unsignedBigInteger:nullable:foreign,admins,id",
        "htmlType": "select:Admin",
        "validations": "nullable|exists:admins,id",
        "searchable": true,
        "fillable": true,
        "primary": false,
        "inForm": true,
        "inIndex": true,
        "inView": true
    },
    {
        "name": "user_id",
        "dbType": "unsignedBigInteger:nullable:foreign,users,id",
        "htmlType": "select:User",
        "validations": "nullable|exists:users,id",
        "searchable": true,
        "fillable": true,
        "primary": false,
        "inForm": true,
        "inIndex": true,
        "inView": true
    },
    {
        "name": "read_at",
        "dbType": "timestamp:nullable",
        "htmlType": "checkbox",
        "validations": "nullable|date_format:Y-m-d",
        "searchable": true,
        "fillable": true,
        "primary": false,
        "inForm": true,
        "inIndex": true,
        "inView": true
    },
    {
        "name": "created_at",
        "dbType": "timestamp",
        "htmlType": null,
        "validations": null,
        "searchable": false,
        "fillable": false,
        "primary": false,
        "inForm": false,
        "inIndex": false,
        "inView": true
    },
    {
        "name": "updated_at",
        "dbType": "timestamp",
        "htmlType": null,
        "validations": null,
        "searchable": false,
        "fillable": false,
        "primary": false,
        "inForm": false,
        "inIndex": false,
        "inView": true
    }
]